unit_index,unit_id,timestamp,shift,product_variant,operator_id,machine_id,fixture_id,fixture_age_cycles,gage_id,supplier,supplier_lot,ambient_temp_c,humidity_pct,torque_target_nm,torque_measured_nm,alignment_measured_mm,adhesive_strength_measured_mpa,bearing_press_s,motor_assembly_s,adhesive_dispense_s,torque_fastening_s,calibration_s,functional_test_s,final_inspection_s,queue_wait_s,total_processing_s,observed_defect,defect_type,rework,scrap,copq_usd
0,ACT-0000001,2026-08-03T06:00:00.035186,1,A,O1,M2,F1,448,G1,S1,S1-L100,21.24,57.701,18.0,18.03589,0.03233,6.69303,23.7404,28.3711,25.5617,31.8853,32.1419,29.5183,20.002,0.0,191.2208,False,NONE,False,False,0.0
1,ACT-0000002,2026-08-03T06:00:44.809793,1,A,O1,M2,F1,449,G1,S1,S1-L100,22.09,55.17,18.0,17.96864,0.04359,6.90138,23.7491,30.3569,29.0137,30.1364,30.8009,30.2222,21.4101,0.0,195.6893,False,NONE,False,False,0.0
2,ACT-0000003,2026-08-03T06:01:22.177467,1,C,O1,M2,F2,178,G2,S1,S1-L100,20.15,52.713,22.0,22.14561,0.00717,6.88063,23.5356,29.6061,25.6233,29.0579,42.6719,29.5301,23.6109,0.0,203.6358,False,NONE,False,False,0.0
3,ACT-0000004,2026-08-03T06:02:05.466424,1,A,O1,M1,F1,450,G1,S1,S1-L100,20.603,57.04,18.0,18.60711,-0.06699,7.07695,25.5099,32.832,25.5876,29.5453,32.8233,29.9354,19.5634,0.0,195.7969,False,NONE,False,False,0.0
4,ACT-0000005,2026-08-03T06:02:47.960311,1,B,O1,M1,F3,133,G1,S1,S1-L100,20.387,55.492,20.0,19.9862,-0.02442,6.6584,24.2247,26.8189,30.3506,24.8249,33.9831,30.1608,20.8653,0.0,191.2283,False,NONE,False,False,0.0
5,ACT-0000006,2026-08-03T06:03:29.446420,1,B,O1,M2,F3,134,G1,S1,S1-L100,20.158,56.058,20.0,20.65101,-0.01447,6.66995,22.433,32.8746,28.2898,30.0342,32.9034,30.5038,22.0607,0.0,199.0994,False,NONE,False,False,0.0
6,ACT-0000007,2026-08-03T06:04:14.613877,1,C,O1,M2,F1,451,G2,S1,S1-L100,22.141,60.952,22.0,22.61405,0.02211,6.43802,21.7812,32.689,27.8782,31.446,41.7097,30.0859,20.3975,0.0,205.9875,False,NONE,False,False,0.0
7,ACT-0000008,2026-08-03T06:04:51.503641,1,A,O1,M1,F4,261,G1,S1,S1-L100,21.099,55.93,18.0,17.93975,-0.06858,6.50634,24.4801,33.1475,27.2487,28.8372,31.8783,29.8495,20.6117,4.9008,196.0531,False,NONE,False,False,0.0
8,ACT-0000009,2026-08-03T06:05:36.460669,1,A,O1,M2,F2,179,G2,S1,S1-L100,21.056,56.644,18.0,18.28596,0.03551,6.63628,23.1974,32.4852,27.9022,27.413,32.995,29.6764,19.2871,0.0,192.9564,False,NONE,False,False,0.0
9,ACT-0000010,2026-08-03T06:06:18.905900,1,A,O1,M1,F3,135,G1,S1,S1-L100,20.982,57.306,18.0,17.8432,0.07565,7.10008,25.0939,31.4781,26.4699,27.8525,30.0438,30.727,21.0473,0.0,192.7125,False,NONE,False,False,0.0
10,ACT-0000011,2026-08-03T06:07:00.032903,1,A,O1,M1,F4,262,G2,S1,S1-L100,20.61,57.408,18.0,18.65906,-0.03408,6.73686,25.9889,30.6356,24.4222,28.0314,30.114,30.4263,21.7523,0.0,191.3707,False,NONE,False,False,0.0
11,ACT-0000012,2026-08-03T06:07:45.045073,1,A,O1,M1,F3,136,G1,S1,S1-L100,21.344,54.395,18.0,18.20129,-0.03639,6.68308,25.6325,30.4346,26.0304,31.446,34.7611,30.0527,22.5515,0.0,200.9088,False,NONE,False,False,0.0
12,ACT-0000013,2026-08-03T06:08:22.474581,1,B,O1,M2,F3,137,G1,S1,S1-L100,20.639,55.607,20.0,19.93024,-0.05986,7.04592,22.666,33.3715,27.121,28.3245,34.6284,28.0953,20.6787,0.0,194.8853,False,NONE,False,False,0.0
13,ACT-0000014,2026-08-03T06:09:07.247551,1,A,O1,M2,F2,180,G2,S1,S1-L100,21.414,58.532,18.0,18.1261,0.08982,6.56417,24.1195,30.2318,29.0868,29.7943,31.614,30.5875,21.3646,0.0,196.7985,False,NONE,False,False,0.0
14,ACT-0000015,2026-08-03T06:09:46.493525,1,B,O1,M1,F3,138,G2,S1,S1-L100,20.901,54.947,20.0,19.90367,-0.02679,6.69071,24.3252,34.2426,30.0387,29.9084,36.9268,29.4179,19.5753,0.0,204.4348,False,NONE,False,False,0.0
15,ACT-0000016,2026-08-03T06:10:33.675732,1,B,O1,M1,F2,181,G2,S1,S1-L100,21.909,55.493,20.0,20.47079,-0.03531,6.99198,21.8304,31.3207,28.09,31.2169,37.1999,31.2579,20.2151,0.0,201.131,False,NONE,False,False,0.0
16,ACT-0000017,2026-08-03T06:11:11.158480,1,C,O1,M1,F2,182,G2,S1,S1-L100,20.841,59.713,22.0,21.61374,-0.01935,7.30535,23.0349,31.1898,26.3092,31.1907,36.5841,30.5237,23.0954,0.4506,201.9278,False,NONE,False,False,0.0
17,ACT-0000018,2026-08-03T06:11:52.346079,1,B,O2,M1,F2,183,G1,S1,S1-L100,21.184,55.416,20.0,19.94325,-0.06594,6.60004,23.8824,31.8489,25.8922,32.2166,35.7419,29.8469,22.5188,0.0,201.9476,False,NONE,False,False,0.0
18,ACT-0000019,2026-08-03T06:12:36.555647,1,B,O2,M2,F3,139,G2,S1,S1-L100,21.06,54.625,20.0,19.59906,-0.0147,7.16912,24.032,28.3606,26.4335,28.8798,31.8743,29.5867,21.3314,0.0,190.4983,False,NONE,False,False,0.0
19,ACT-0000020,2026-08-03T06:13:17.081144,1,A,O2,M2,F1,452,G2,S1,S1-L100,20.661,55.628,18.0,17.93064,-0.01981,6.26483,25.5091,32.0164,28.7115,26.4897,34.0239,29.6236,21.7484,0.0,198.1227,False,NONE,False,False,0.0
20,ACT-0000021,2026-08-03T06:14:00.608707,1,A,O2,M2,F4,263,G1,S1,S1-L100,20.359,52.979,18.0,18.61287,-0.01959,6.56491,22.4278,34.4989,29.0262,29.1305,33.6479,30.3242,20.3886,0.0,199.4442,False,NONE,False,False,0.0
21,ACT-0000022,2026-08-03T06:14:47.508204,1,B,O2,M2,F1,453,G2,S1,S1-L100,21.552,58.51,20.0,19.86528,-0.04382,6.2621,21.4227,33.27,24.6235,29.1991,33.5476,30.849,19.3198,0.0,192.2317,False,NONE,False,False,0.0
22,ACT-0000023,2026-08-03T06:15:21.509495,1,C,O2,M2,F1,454,G2,S1,S1-L100,21.263,53.601,22.0,21.34229,-0.16536,6.19663,22.4642,32.0417,25.3636,31.1017,37.6165,28.738,21.1418,0.0,198.4674,False,NONE,False,False,0.0
23,ACT-0000024,2026-08-03T06:16:06.049422,1,B,O2,M1,F4,264,G2,S1,S1-L100,21.899,53.612,20.0,20.03828,0.02924,6.99221,25.0535,31.6784,27.8442,27.7699,35.9596,29.4219,21.088,0.0,198.8155,False,NONE,False,False,0.0
24,ACT-0000025,2026-08-03T06:16:48.988633,1,B,O2,M2,F1,455,G2,S1,S1-L100,20.649,58.422,20.0,20.19763,-0.00341,6.04045,22.341,30.041,26.3666,29.3259,37.2056,31.4688,21.1896,0.0,197.9385,False,NONE,False,False,0.0
25,ACT-0000026,2026-08-03T06:17:29.123291,1,A,O2,M1,F4,265,G1,S1,S1-L100,20.626,58.802,18.0,17.56906,-0.02719,6.69462,24.9319,30.1229,28.446,27.2851,35.3688,29.2838,23.794,0.0,199.2324,False,NONE,False,False,0.0
26,ACT-0000027,2026-08-03T06:18:08.655657,1,A,O2,M2,F1,456,G1,S1,S1-L100,21.633,54.532,18.0,17.7141,-0.0856,6.40923,24.0969,32.7801,28.5744,27.9707,31.4733,29.1208,19.1274,0.0,193.1436,False,NONE,False,False,0.0
27,ACT-0000028,2026-08-03T06:18:55.350434,1,B,O2,M1,F1,457,G2,S1,S1-L100,21.801,56.942,20.0,19.86556,0.00361,7.07185,23.4878,30.1268,25.0573,31.201,37.1588,31.317,19.736,0.0,198.0848,False,NONE,False,False,0.0
28,ACT-0000029,2026-08-03T06:19:40.161690,1,B,O2,M2,F3,140,G2,S1,S1-L100,22.244,59.217,20.0,20.28678,0.03635,6.52545,26.1193,30.0487,27.2142,29.8671,37.2809,28.6636,19.7046,0.0,198.8985,False,NONE,False,False,0.0
29,ACT-0000030,2026-08-03T06:20:21.021539,1,A,O2,M2,F3,141,G1,S1,S1-L100,20.704,57.018,18.0,18.03683,-0.01615,6.59383,24.2195,31.6402,26.2422,29.6724,35.3364,28.1721,23.0067,0.0,198.2895,False,NONE,False,False,0.0
30,ACT-0000031,2026-08-03T06:20:59.514393,1,A,O2,M1,F2,184,G1,S1,S1-L100,20.749,56.18,18.0,17.86989,-0.08258,6.30873,23.4377,31.4644,29.2422,28.2718,34.378,27.9984,21.2376,0.0,196.0301,False,NONE,False,False,0.0
31,ACT-0000032,2026-08-03T06:21:39.045321,1,A,O2,M2,F4,266,G2,S1,S1-L100,21.59,56.612,18.0,17.83049,0.02259,6.94681,24.8463,28.2754,27.2364,30.9242,31.6571,29.8436,21.5203,0.0,194.3034,False,NONE,False,False,0.0
32,ACT-0000033,2026-08-03T06:22:24.494236,1,A,O2,M1,F1,458,G2,S1,S1-L100,21.558,57.272,18.0,17.5128,-0.01745,7.50239,24.1246,30.5833,28.6558,26.7668,36.1947,29.9489,23.2973,0.0,199.5714,False,NONE,False,False,0.0
33,ACT-0000034,2026-08-03T06:23:06.554307,1,A,O2,M1,F1,459,G1,S1,S1-L100,21.328,58.467,18.0,18.06782,-0.1379,6.76375,22.9594,31.2681,25.5659,30.1246,31.1229,28.5169,20.3546,0.0,189.9125,False,NONE,False,False,0.0
34,ACT-0000035,2026-08-03T06:23:47.359575,1,C,O3,M1,F4,267,G2,S1,S1-L100,21.122,56.022,22.0,22.27149,-0.02834,6.68283,23.3911,31.3102,29.311,28.4892,37.4739,28.5643,18.5787,0.0,197.1185,False,NONE,False,False,0.0
35,ACT-0000036,2026-08-03T06:24:30.659588,1,B,O3,M1,F4,268,G1,S1,S1-L100,20.463,54.031,20.0,20.16402,-0.08815,6.5433,22.287,30.7889,27.7429,28.0701,31.9813,31.8193,20.5204,0.0,193.2099,False,NONE,False,False,0.0
36,ACT-0000037,2026-08-03T06:25:11.181540,1,A,O3,M2,F4,269,G2,S1,S1-L100,21.228,58.085,18.0,17.68029,0.00485,6.24191,21.5604,28.4321,25.8383,29.874,34.0709,28.7546,21.3311,0.0,189.8613,False,NONE,False,False,0.0
37,ACT-0000038,2026-08-03T06:25:56.139694,1,C,O3,M2,F4,270,G2,S1,S1-L100,21.216,56.264,22.0,22.08414,0.02535,6.7697,25.3066,31.7127,27.1457,28.9881,41.1912,30.4662,18.7121,0.0,203.5226,False,NONE,False,False,0.0
38,ACT-0000039,2026-08-03T06:26:36.043539,1,C,O3,M2,F1,460,G2,S1,S1-L100,21.212,54.991,22.0,21.95317,-0.03798,6.63224,26.6454,30.5892,27.0345,27.0435,36.8641,29.6441,20.0352,3.128,197.8559,False,NONE,False,False,0.0
39,ACT-0000040,2026-08-03T06:27:20.040338,1,A,O3,M2,F1,461,G1,S1,S1-L100,21.292,55.992,18.0,18.36231,-0.04477,6.54063,24.1638,30.0818,27.2226,29.7865,34.4182,29.9792,20.3744,0.0,196.0265,False,NONE,False,False,0.0
40,ACT-0000041,2026-08-03T06:28:03.116640,1,C,O3,M2,F4,271,G1,S1,S1-L100,21.654,56.347,22.0,20.67453,0.04847,5.95723,23.7085,28.9776,26.4041,27.6494,40.5857,30.9593,22.655,0.0,200.9396,True,ADHESIVE,True,False,46.0
41,ACT-0000042,2026-08-03T06:28:42.356432,1,A,O3,M2,F4,272,G1,S1,S1-L100,22.206,56.151,18.0,17.75164,-0.0263,6.63898,24.5908,28.3695,27.6356,27.036,33.5008,31.0504,22.0727,0.4534,194.2559,False,NONE,False,False,0.0
42,ACT-0000043,2026-08-03T06:29:25.784497,1,B,O3,M2,F3,142,G2,S1,S1-L100,21.172,53.785,20.0,19.48075,-0.09554,6.64299,23.0044,31.1046,27.6399,31.6712,34.5183,29.783,20.4905,0.0,198.2121,False,NONE,False,False,0.0
43,ACT-0000044,2026-08-03T06:30:06.846467,1,A,O3,M1,F4,273,G2,S1,S1-L100,21.678,55.377,18.0,17.99389,0.0375,7.15771,25.6132,29.0876,28.5148,26.8902,32.0372,30.2627,22.636,0.0,195.0417,False,NONE,False,False,0.0
44,ACT-0000045,2026-08-03T06:30:45.129849,1,C,O3,M1,F3,143,G1,S1,S1-L100,21.49,55.002,22.0,21.40106,0.02537,6.45996,23.2732,29.533,28.1309,29.1668,43.1163,25.3861,19.3592,0.0,197.9654,False,NONE,False,False,0.0
45,ACT-0000046,2026-08-03T06:31:28.451190,1,B,O3,M1,F4,274,G2,S1,S1-L100,22.751,58.877,20.0,20.10497,-0.12067,6.45943,24.9326,31.102,24.4651,28.6359,33.9668,31.8999,21.9305,0.7632,196.9328,False,NONE,False,False,0.0
46,ACT-0000047,2026-08-03T06:32:15.418348,1,A,O3,M1,F4,275,G1,S1,S1-L100,21.539,58.236,18.0,17.85192,-0.06359,6.78869,25.1633,30.8558,27.8815,32.2865,29.6283,31.3511,20.8034,0.0,197.9699,False,NONE,False,False,0.0
47,ACT-0000048,2026-08-03T06:32:56.479151,1,A,O3,M1,F4,276,G2,S1,S1-L100,20.587,60.281,18.0,17.72375,-0.01945,7.02164,24.553,29.9405,25.2614,30.6642,27.9054,30.9358,21.5306,0.0,190.791,False,NONE,False,False,0.0
48,ACT-0000049,2026-08-03T06:33:40.102022,1,B,O3,M1,F2,185,G2,S1,S1-L100,21.497,58.179,20.0,19.95536,-0.0316,6.69299,24.0277,31.6992,26.4783,26.7235,35.8986,29.8282,18.2122,0.0,192.8676,False,NONE,False,False,0.0
49,ACT-0000050,2026-08-03T06:34:15.122690,1,A,O3,M1,F4,277,G2,S1,S1-L100,21.767,53.221,18.0,17.93597,-0.07204,7.24547,25.2482,32.6198,26.8301,30.8709,30.4001,31.231,21.3446,0.0,198.5447,False,NONE,False,False,0.0
50,ACT-0000051,2026-08-03T06:35:04.782426,1,C,O3,M2,F4,278,G1,S1,S1-L100,21.069,58.475,22.0,22.91043,0.04887,6.47397,23.4141,31.4792,26.0021,29.4289,35.8181,28.9049,20.4721,0.0,195.5194,False,NONE,False,False,0.0
51,ACT-0000052,2026-08-03T06:35:47.892509,1,B,O1,M1,F2,186,G1,S1,S1-L100,21.18,58.044,20.0,20.24895,0.04164,6.32908,24.9864,31.4669,27.3525,27.5669,35.6358,28.4947,20.2968,0.0,195.8,False,NONE,False,False,0.0
52,ACT-0000053,2026-08-03T06:36:24.491416,1,B,O1,M2,F3,144,G1,S1,S1-L100,22.099,58.895,20.0,19.18873,0.02711,6.96391,24.2414,30.5115,26.6556,28.6465,37.9371,28.6036,20.6935,0.3546,197.2891,False,NONE,False,False,0.0
53,ACT-0000054,2026-08-03T06:37:08.458205,1,A,O1,M1,F4,279,G1,S1,S1-L100,21.337,58.529,18.0,18.10798,-0.04794,6.29178,25.19,29.3066,27.4436,30.3912,33.1394,29.1876,20.0369,0.0,194.6953,False,NONE,False,False,0.0
54,ACT-0000055,2026-08-03T06:37:50.600849,1,A,O1,M1,F1,462,G2,S1,S1-L100,22.388,59.481,18.0,18.01676,0.04224,6.37721,24.5914,29.4714,28.748,29.0057,28.1355,29.2157,18.0141,0.0,187.1818,False,NONE,False,False,0.0
55,ACT-0000056,2026-08-03T06:38:28.496543,1,B,O1,M1,F2,187,G2,S1,S1-L100,21.075,56.949,20.0,20.2333,0.00395,6.47971,21.6134,34.1093,26.5632,27.27,33.0279,33.7444,21.4363,0.0,197.7645,False,NONE,False,False,0.0
56,ACT-0000057,2026-08-03T06:39:12.755470,1,A,O1,M2,F3,145,G2,S1,S1-L100,21.004,60.837,18.0,17.81368,0.02432,6.82178,24.4184,31.3867,28.5125,28.1711,33.5529,29.4927,19.0314,0.0,194.5657,False,NONE,False,False,0.0
57,ACT-0000058,2026-08-03T06:39:53.232094,1,A,O1,M1,F2,188,G1,S1,S1-L100,21.298,56.399,18.0,17.49921,0.11447,6.88818,24.9176,30.4673,29.1885,26.6426,32.2389,31.588,21.3261,0.0,196.369,False,NONE,False,False,0.0
58,ACT-0000059,2026-08-03T06:40:35.798371,1,A,O1,M1,F2,189,G2,S1,S1-L100,21.362,56.565,18.0,17.68009,0.04453,6.79294,25.6753,30.2148,25.7914,26.9046,33.9045,28.314,21.5,0.0,192.3047,False,NONE,False,False,0.0
59,ACT-0000060,2026-08-03T06:41:19.529914,1,A,O1,M2,F4,280,G2,S1,S1-L100,21.635,57.127,18.0,17.49545,-0.0151,7.30832,23.7261,31.7122,26.0808,27.3518,30.7606,28.8721,21.6064,0.0,190.11,False,NONE,False,False,0.0
60,ACT-0000061,2026-08-03T06:41:59.040083,1,A,O1,M1,F1,463,G2,S1,S1-L100,21.838,53.834,18.0,17.94324,0.12599,6.66052,24.6742,31.0388,26.4132,31.1387,31.1865,27.929,21.3341,0.0,193.7145,False,NONE,False,False,0.0
61,ACT-0000062,2026-08-03T06:42:39.345298,1,C,O1,M2,F3,146,G1,S1,S1-L100,21.029,54.74,22.0,21.42676,0.015,6.35295,24.6603,32.59,27.3335,28.4703,43.3592,30.7106,20.9288,0.0,208.0527,False,NONE,False,False,0.0
62,ACT-0000063,2026-08-03T06:43:22.363974,1,B,O1,M2,F1,464,G1,S1,S1-L100,21.134,55.849,20.0,20.42033,0.0827,6.64353,25.7396,29.951,26.9739,29.0243,37.2534,28.1367,21.5219,1.7059,198.6008,False,NONE,False,False,0.0
63,ACT-0000064,2026-08-03T06:44:07.048030,1,A,O1,M2,F4,281,G1,S1,S1-L100,21.891,57.546,18.0,18.17442,-0.09446,6.79916,22.0964,33.8827,25.3245,27.9453,34.1982,30.9653,21.8319,0.0,196.2442,False,NONE,False,False,0.0
64,ACT-0000065,2026-08-03T06:44:51.033417,1,A,O1,M2,F1,465,G2,S1,S1-L100,21.282,55.739,18.0,19.03249,-0.06071,7.15897,23.6943,30.0261,25.4466,30.362,32.1886,31.4384,20.681,0.0,193.8371,False,NONE,False,False,0.0
65,ACT-0000066,2026-08-03T06:45:30.132346,1,C,O1,M2,F2,190,G1,S1,S1-L100,21.104,54.363,22.0,21.85144,-0.0348,6.16249,22.7975,31.6095,27.7733,28.2152,36.8541,32.159,19.94,0.0,199.3487,False,NONE,False,False,0.0
66,ACT-0000067,2026-08-03T06:46:13.832450,1,B,O1,M2,F4,282,G2,S1,S1-L100,21.612,57.006,20.0,20.86512,0.03596,6.47127,22.4552,28.2804,27.9276,29.3315,32.5557,29.1442,21.3359,0.0,191.0305,False,NONE,False,False,0.0
67,ACT-0000068,2026-08-03T06:46:54.846907,1,C,O1,M2,F1,466,G2,S1,S1-L100,22.191,55.986,22.0,22.46524,0.02074,6.11738,26.8367,32.0995,28.2729,30.0668,39.4381,28.5412,21.3238,0.0,206.579,False,NONE,False,False,0.0
68,ACT-0000069,2026-08-03T06:47:36.652411,1,B,O2,M2,F2,191,G1,S1,S1-L100,21.518,56.529,20.0,20.58173,-0.01596,6.45915,24.8258,32.2642,24.99,30.6043,37.5143,29.8394,21.0376,2.2242,201.0757,False,NONE,False,False,0.0
69,ACT-0000070,2026-08-03T06:48:19.351192,1,C,O2,M2,F4,283,G2,S1,S1-L100,21.698,56.951,22.0,22.0222,0.02496,7.15842,22.671,28.6509,26.5284,26.7374,38.264,29.9763,21.0625,5.1363,193.8905,False,NONE,False,False,0.0
70,ACT-0000071,2026-08-03T06:48:58.434305,1,A,O2,M2,F1,467,G1,S1,S1-L100,22.076,59.277,18.0,18.45599,-0.01632,6.51536,24.3527,29.0217,28.7602,28.6282,32.5616,30.1345,22.6873,0.0,196.1462,False,NONE,False,False,0.0
71,ACT-0000072,2026-08-03T06:49:44.100535,1,B,O2,M1,F2,192,G2,S1,S1-L100,21.954,53.369,20.0,20.04039,-0.02419,6.99423,22.2243,33.7213,27.9923,27.7173,35.46,31.0592,21.2094,0.0,199.3837,False,NONE,False,False,0.0
72,ACT-0000073,2026-08-03T06:50:28.494557,1,B,O2,M2,F4,284,G1,S1,S1-L100,21.855,56.913,20.0,19.65991,-0.04984,7.14742,24.8912,33.1608,25.4329,30.2439,33.7236,31.9058,20.7777,0.0,200.136,False,NONE,False,False,0.0
73,ACT-0000074,2026-08-03T06:51:01.456442,1,B,O2,M2,F1,468,G1,S1,S1-L100,21.55,50.979,20.0,20.28225,0.08953,6.85045,25.3758,30.7923,26.1218,27.3703,35.7892,29.4724,18.4828,4.8304,193.4045,False,NONE,False,False,0.0
74,ACT-0000075,2026-08-03T06:51:46.395725,1,B,O2,M1,F1,469,G2,S1,S1-L100,21.151,54.547,20.0,19.64116,0.09816,5.9638,23.6555,33.7002,28.0571,27.9539,36.5362,27.9486,20.3544,0.0,198.2058,False,NONE,False,False,0.0
75,ACT-0000076,2026-08-03T06:52:27.897740,1,A,O2,M1,F1,470,G2,S1,S1-L100,20.338,54.578,18.0,17.93359,0.02913,6.815,25.1052,30.9021,28.15,23.9557,34.1314,29.185,23.5097,0.2879,194.939,False,NONE,False,False,0.0
76,ACT-0000077,2026-08-03T06:53:10.978490,1,C,O2,M2,F4,285,G2,S1,S1-L100,21.572,60.551,22.0,23.10349,-0.02644,6.37911,23.6622,30.6918,27.8269,28.3777,36.3942,30.7175,21.972,0.0,199.6423,False,NONE,False,False,0.0
77,ACT-0000078,2026-08-03T06:53:54.935004,1,B,O2,M2,F2,193,G1,S1,S1-L100,23.14,55.235,20.0,19.0738,0.08518,6.93151,24.534,30.5986,25.3415,27.6135,36.1458,29.2389,20.729,0.0,194.2013,False,NONE,False,False,0.0
78,ACT-0000079,2026-08-03T06:54:35.679021,1,A,O2,M1,F3,147,G1,S1,S1-L100,21.771,57.03,18.0,17.19919,-0.04926,6.73696,24.7398,32.1178,26.5768,30.8254,31.2474,29.858,21.4575,0.0,196.8226,False,NONE,False,False,0.0
79,ACT-0000080,2026-08-03T06:55:19.656894,1,A,O2,M1,F3,148,G1,S1,S1-L100,22.882,54.706,18.0,18.34785,-0.05114,7.18011,23.8239,31.4601,26.5384,31.5968,30.9527,29.8956,21.7914,0.0,196.0588,False,NONE,False,False,0.0
80,ACT-0000081,2026-08-03T06:55:57.505145,1,A,O2,M2,F3,149,G2,S1,S1-L100,21.258,57.037,18.0,17.60103,0.09542,6.85357,24.7459,30.4902,27.6978,29.9018,30.7125,31.5146,20.9201,0.0,195.9828,False,NONE,False,False,0.0
81,ACT-0000082,2026-08-03T06:56:39.279880,1,B,O2,M2,F1,471,G1,S1,S1-L100,22.153,55.381,20.0,19.9831,0.02673,6.72768,23.3387,31.6666,26.344,28.0208,37.4374,28.9249,22.81,0.0,198.5424,False,NONE,False,False,0.0
82,ACT-0000083,2026-08-03T06:57:21.595083,1,A,O2,M2,F3,150,G1,S1,S1-L100,21.617,58.615,18.0,17.67572,0.02824,6.80203,25.7464,32.4034,25.1481,28.9545,32.2399,30.6906,21.3873,0.0,196.5701,False,NONE,False,False,0.0
83,ACT-0000084,2026-08-03T06:58:05.826677,1,A,O2,M2,F1,472,G1,S1,S1-L100,22.141,55.742,18.0,17.59298,-0.01713,6.66884,27.899,30.6368,26.3234,30.5766,31.7004,30.418,19.9904,0.0,197.5447,False,NONE,False,False,0.0
84,ACT-0000085,2026-08-03T06:58:51.110456,1,A,O2,M1,F4,286,G1,S1,S1-L100,21.282,60.003,18.0,18.3198,0.05285,6.5787,26.3516,30.2889,28.3483,26.7185,29.5323,28.3674,20.2367,0.0,189.8437,False,NONE,False,False,0.0
85,ACT-0000086,2026-08-03T06:59:27.683900,1,B,O3,M2,F1,473,G2,S1,S1-L100,21.597,54.363,20.0,19.40385,-0.17105,6.49525,24.2496,33.9165,26.4668,29.3427,32.28,29.6097,19.4959,0.0,195.3611,False,NONE,False,False,0.0
86,ACT-0000087,2026-08-03T07:00:13.348937,1,B,O3,M1,F2,194,G1,S1,S1-L100,22.325,54.153,20.0,20.04058,-0.03058,6.99858,25.4933,29.5276,25.9189,30.4903,32.2407,29.4526,19.6568,0.0,192.7801,False,NONE,False,False,0.0
87,ACT-0000088,2026-08-03T07:00:47.425410,1,A,O3,M1,F4,287,G2,S1,S1-L100,20.926,58.504,18.0,17.53818,-0.05327,7.14001,22.3021,31.4552,28.0446,27.9365,31.5109,31.3669,20.8356,0.0,193.4518,False,NONE,False,False,0.0
88,ACT-0000089,2026-08-03T07:01:35.669259,1,B,O3,M2,F4,288,G2,S1,S1-L100,22.026,56.334,20.0,19.11348,0.08378,6.48223,23.2649,35.1033,27.9672,32.1838,37.2713,28.4755,19.4089,0.0,203.6749,False,NONE,False,False,0.0
89,ACT-0000090,2026-08-03T07:02:18.841837,1,A,O3,M1,F3,151,G1,S1,S1-L100,22.677,54.964,18.0,17.82587,-0.05622,7.33846,24.4415,30.8401,26.3307,29.0212,31.806,26.3923,20.1733,1.9845,189.005,False,NONE,False,False,0.0
90,ACT-0000091,2026-08-03T07:02:56.100822,1,C,O3,M2,F2,195,G2,S1,S1-L100,22.39,56.8,22.0,22.19088,0.04906,6.22039,23.706,32.5621,26.2683,30.9448,35.2318,33.0571,21.4973,0.0,203.2674,False,NONE,False,False,0.0
91,ACT-0000092,2026-08-03T07:03:42.303427,1,B,O3,M1,F3,152,G1,S1,S1-L100,21.346,56.143,20.0,20.14196,0.08249,6.30023,23.5785,32.3432,28.3137,28.5851,38.7808,28.7016,22.6366,0.0,202.9395,False,NONE,False,False,0.0
92,ACT-0000093,2026-08-03T07:04:22.100295,1,A,O3,M2,F4,289,G1,S1,S1-L100,20.995,58.737,18.0,18.64994,0.10119,6.38585,23.2625,31.9566,28.015,29.0152,33.4925,30.251,22.9257,0.0,198.9184,False,NONE,False,False,0.0
93,ACT-0000094,2026-08-03T07:05:07.625547,1,B,O3,M2,F4,290,G1,S1,S1-L100,21.574,57.89,20.0,19.60062,0.01047,6.91887,22.9089,33.809,29.2239,28.385,37.7847,30.1703,21.6069,0.0,203.8886,False,NONE,False,False,0.0
94,ACT-0000095,2026-08-03T07:05:49.896938,1,B,O3,M2,F4,291,G1,S1,S1-L100,22.465,57.19,20.0,19.28728,-0.09087,6.18244,26.2493,33.4395,28.808,29.8785,34.1913,29.0368,20.8419,0.0,202.4453,False,NONE,False,False,0.0
95,ACT-0000096,2026-08-03T07:06:31.318259,1,B,O3,M1,F4,292,G2,S1,S1-L100,21.254,57.76,20.0,19.72425,-0.05235,6.68325,22.0179,28.5079,28.663,28.9448,32.2413,31.4556,21.298,3.0118,193.1285,False,NONE,False,False,0.0
96,ACT-0000097,2026-08-03T07:07:17.902929,1,C,O3,M1,F4,293,G2,S1,S1-L100,22.421,54.092,22.0,22.03376,0.03888,5.90394,23.9418,33.536,24.6366,27.2841,42.561,28.9189,19.7773,0.0,200.6558,True,ADHESIVE,True,False,46.0
97,ACT-0000098,2026-08-03T07:07:53.277156,1,B,O3,M1,F2,196,G1,S1,S1-L100,22.025,59.182,20.0,19.85096,0.00023,6.26851,24.1877,32.3113,29.8061,29.0397,34.4651,28.781,19.6517,1.2406,198.2425,False,NONE,False,False,0.0
98,ACT-0000099,2026-08-03T07:08:39.861808,1,A,O3,M1,F4,294,G2,S1,S1-L100,21.302,54.427,18.0,18.58234,-0.04454,6.96817,26.5799,32.8931,27.6106,28.2835,35.4247,29.8324,19.9946,0.0,200.6189,False,NONE,False,False,0.0
99,ACT-0000100,2026-08-03T07:09:15.559507,1,A,O3,M1,F4,295,G1,S1,S1-L100,21.287,55.603,18.0,17.48397,0.01293,6.56458,22.484,32.4993,27.3962,28.0293,30.526,27.4827,20.727,4.6854,189.1444,False,NONE,False,False,0.0
100,ACT-0000101,2026-08-03T07:09:58.584062,1,A,O3,M1,F2,197,G2,S1,S1-L100,22.023,57.677,18.0,17.73748,-0.01553,6.68744,23.7548,30.9521,28.329,30.5327,33.0003,28.5909,22.0362,0.0,197.1961,False,NONE,False,False,0.0
101,ACT-0000102,2026-08-03T07:10:42.311306,1,A,O3,M1,F1,474,G1,S1,S1-L100,21.622,57.877,18.0,17.96991,-0.03476,6.50004,26.7302,31.2631,27.9365,28.8585,28.8219,30.0995,18.4398,0.0,192.1494,False,NONE,False,False,0.0
102,ACT-0000103,2026-08-03T07:11:22.954777,1,A,O1,M2,F2,198,G2,S1,S1-L100,20.98,55.175,18.0,17.66565,0.04713,7.20939,26.1626,27.7971,27.5414,30.318,31.0527,28.1811,21.7646,0.0,192.8175,False,NONE,False,False,0.0
103,ACT-0000104,2026-08-03T07:12:06.201651,1,A,O1,M2,F4,296,G1,S1,S1-L100,22.101,57.464,18.0,17.41015,0.02606,6.57351,25.9103,28.2729,27.1701,28.8842,29.8705,29.8339,19.9301,0.0,189.8719,False,NONE,False,False,0.0
104,ACT-0000105,2026-08-03T07:12:49.603838,1,A,O1,M1,F1,475,G1,S1,S1-L100,22.339,59.782,18.0,18.09273,-0.04,6.44766,23.8275,29.3531,26.9483,27.2545,30.0799,28.5899,20.1129,0.0,186.1661,False,NONE,False,False,0.0
105,ACT-0000106,2026-08-03T07:13:29.770291,1,B,O1,M1,F1,476,G2,S1,S1-L100,21.82,55.385,20.0,18.99655,0.00741,6.74911,26.6657,29.7487,26.8317,28.112,33.9051,28.2079,22.629,0.0,196.1002,False,NONE,False,False,0.0
106,ACT-0000107,2026-08-03T07:14:16.449760,1,A,O1,M1,F2,199,G2,S1,S1-L100,22.487,55.426,18.0,17.5222,-0.11099,6.16469,25.1518,31.2205,27.0707,29.8902,33.99,27.3553,21.8162,0.0,196.4948,False,NONE,False,False,0.0
107,ACT-0000108,2026-08-03T07:14:50.382126,1,A,O1,M1,F1,477,G1,S1,S1-L100,21.396,59.489,18.0,17.90091,-0.0643,6.64345,25.622,30.4149,26.2177,29.1672,31.7246,30.2449,21.6213,1.9691,195.0125,False,NONE,False,False,0.0
108,ACT-0000109,2026-08-03T07:15:37.593877,1,C,O1,M2,F3,153,G1,S1,S1-L100,20.921,53.436,22.0,21.63252,-0.02623,6.34563,22.0467,33.4849,28.1621,28.5903,40.8967,30.0735,21.4564,0.0,204.7106,False,NONE,False,False,0.0
109,ACT-0000110,2026-08-03T07:16:15.821689,1,B,O1,M1,F3,154,G2,S1,S1-L100,21.386,57.451,20.0,19.99026,-0.05393,6.94742,23.3368,31.1981,25.7694,29.0139,35.8204,29.8182,22.1222,5.6347,197.079,False,NONE,False,False,0.0
110,ACT-0000111,2026-08-03T07:17:00.244682,1,A,O1,M1,F3,155,G1,S1,S1-L100,21.55,58.71,18.0,17.84721,0.0102,6.82672,24.5305,30.6705,27.1871,28.5717,32.6741,28.8073,20.4089,0.0,192.8501,False,NONE,False,False,0.0
111,ACT-0000112,2026-08-03T07:17:40.752008,1,A,O1,M1,F1,478,G1,S1,S1-L100,22.172,56.513,18.0,18.00949,-0.02383,6.99828,25.0995,31.329,25.6238,31.3933,30.9469,27.7159,21.0422,0.0,193.1504,False,NONE,False,False,0.0
112,ACT-0000113,2026-08-03T07:18:22.958377,1,A,O1,M2,F4,297,G2,S1,S1-L100,21.957,57.592,18.0,17.94288,-0.08651,7.32449,24.8761,32.0797,26.6766,27.3822,36.5645,31.3433,20.8128,0.0,199.7351,False,NONE,False,False,0.0
113,ACT-0000114,2026-08-03T07:19:05.212076,1,B,O1,M2,F2,200,G2,S1,S1-L100,21.287,56.332,20.0,19.5863,0.15878,7.26933,26.0401,33.709,27.4029,30.0246,34.4948,30.9188,18.9181,0.0,201.5083,False,NONE,False,False,0.0
114,ACT-0000115,2026-08-03T07:19:51.520049,1,B,O1,M1,F4,298,G2,S1,S1-L100,22.347,57.144,20.0,20.26692,0.10961,6.0057,24.1738,27.1675,26.8612,28.2845,32.544,30.3942,19.9452,0.0,189.3705,False,NONE,False,False,0.0
115,ACT-0000116,2026-08-03T07:20:31.965674,1,B,O1,M1,F1,479,G1,S1,S1-L100,21.49,55.971,20.0,20.1532,-0.0482,6.42706,25.3012,32.7673,26.6632,30.2315,35.1076,28.0088,20.9064,0.0,198.986,False,NONE,False,False,0.0
116,ACT-0000117,2026-08-03T07:21:09.710644,1,A,O1,M2,F4,299,G1,S1,S1-L100,21.567,56.748,18.0,18.48213,0.00857,7.02296,23.7343,30.2874,28.5148,29.4904,34.1247,28.248,21.1851,0.299,195.5847,False,NONE,False,False,0.0
117,ACT-0000118,2026-08-03T07:21:53.424551,1,A,O1,M1,F1,480,G2,S1,S1-L100,21.47,55.201,18.0,18.61238,-0.05876,7.61034,25.4286,32.1965,26.7217,28.1574,32.6889,28.8852,20.0509,0.0,194.1291,False,NONE,False,False,0.0
118,ACT-0000119,2026-08-03T07:22:38.713695,1,A,O1,M2,F4,300,G1,S1,S1-L100,22.073,56.619,18.0,18.13963,-0.0346,6.25531,23.3882,30.1335,28.4588,28.7536,35.8142,27.6799,20.7143,0.0,194.9424,False,NONE,False,False,0.0
119,ACT-0000120,2026-08-03T07:23:15.745253,1,B,O2,M2,F3,156,G2,S1,S1-L100,21.511,54.286,20.0,19.87299,-0.07649,6.43611,24.493,30.6303,27.8877,28.3363,32.6456,29.2173,21.3092,0.0,194.5193,False,NONE,False,False,0.0
120,ACT-0000121,2026-08-03T07:23:59.045140,1,B,O2,M1,F2,201,G2,S1,S1-L100,22.188,56.689,20.0,20.53052,0.00307,6.21695,24.084,29.3672,28.2706,28.064,33.2331,27.4068,21.0945,0.0,191.5201,False,NONE,False,False,0.0
121,ACT-0000122,2026-08-03T07:24:40.864479,1,B,O2,M2,F2,202,G1,S1,S1-L100,22.077,56.614,20.0,20.23547,0.04052,6.89717,23.8011,33.2191,28.6869,29.6776,33.2013,30.2119,20.6977,0.0,199.4956,False,NONE,False,False,0.0
122,ACT-0000123,2026-08-03T07:25:23.512983,1,C,O2,M1,F1,481,G2,S1,S1-L100,21.293,57.362,22.0,22.15644,0.00822,7.41401,25.6226,31.6957,29.3524,27.8174,35.5762,28.6577,20.2201,0.0,198.9421,False,NONE,False,False,0.0
123,ACT-0000124,2026-08-03T07:26:03.387025,1,C,O2,M2,F1,482,G2,S1,S1-L100,21.338,56.003,22.0,22.01213,-0.03974,6.38089,23.7437,31.3665,26.2647,29.001,37.5283,31.2386,21.3388,0.0,200.4815,False,NONE,False,False,0.0
124,ACT-0000125,2026-08-03T07:26:46.266630,1,A,O2,M2,F2,203,G1,S1,S1-L100,21.28,57.216,18.0,17.45052,-0.06839,6.64809,24.5557,31.5499,26.551,27.7182,31.8481,31.4586,20.5683,0.0,194.2498,False,NONE,False,False,0.0
125,ACT-0000126,2026-08-03T07:27:31.694590,1,A,O2,M2,F1,483,G2,S1,S1-L100,21.848,59.096,18.0,17.22207,-0.10233,7.21805,24.967,30.1375,26.7699,30.6865,29.2934,32.2008,19.7919,0.0,193.847,False,NONE,False,False,0.0
126,ACT-0000127,2026-08-03T07:28:14.689591,1,C,O2,M2,F1,484,G1,S1,S1-L100,22.228,56.93,22.0,22.26061,-0.0081,6.55762,23.3716,32.2444,26.5125,28.3168,38.4956,27.5258,22.802,0.0,199.2687,False,NONE,False,False,0.0
127,ACT-0000128,2026-08-03T07:28:55.017192,1,A,O2,M2,F2,204,G1,S1,S1-L100,22.494,56.972,18.0,17.83426,0.02428,6.96339,24.1187,33.0785,22.9643,28.2499,32.4794,31.4638,21.4887,0.2019,193.8432,False,NONE,False,False,0.0
128,ACT-0000129,2026-08-03T07:29:35.887894,1,A,O2,M1,F3,157,G2,S1,S1-L100,21.773,57.489,18.0,18.95839,-0.07866,7.6535,24.1018,28.4613,27.8739,28.3664,31.2072,27.8635,21.9267,0.0,189.8008,False,NONE,False,False,0.0
129,ACT-0000130,2026-08-03T07:30:18.542750,1,A,O2,M2,F1,485,G2,S1,S1-L100,21.856,58.689,18.0,18.41124,1e-05,6.84048,22.9387,31.4727,24.7633,30.3489,29.7016,29.3646,22.3221,0.0,190.9119,False,NONE,False,False,0.0
130,ACT-0000131,2026-08-03T07:30:56.686054,1,A,O2,M1,F1,486,G2,S1,S1-L100,21.991,55.877,18.0,17.86484,0.0265,6.61757,24.8822,28.5311,28.8521,27.2374,33.1515,30.8685,22.153,0.0,195.6757,False,NONE,False,False,0.0
131,ACT-0000132,2026-08-03T07:31:42.776228,1,B,O2,M2,F1,487,G1,S1,S1-L100,22.038,57.68,20.0,20.01161,-0.01027,6.14516,25.0405,32.8373,27.9118,28.041,33.872,29.2742,22.2854,0.0,199.2622,False,NONE,False,False,0.0
132,ACT-0000133,2026-08-03T07:32:25.053256,1,B,O2,M1,F4,301,G2,S1,S1-L100,23.021,55.969,20.0,20.17902,-0.0791,6.41771,24.5223,29.9789,29.2758,28.9528,33.9426,29.3292,19.2665,0.0,195.2681,False,NONE,False,False,0.0
133,ACT-0000134,2026-08-03T07:33:08.548913,1,B,O2,M1,F3,158,G2,S1,S1-L100,23.239,59.429,20.0,19.8522,0.068,7.32288,23.0152,33.4776,27.9157,28.4339,34.6104,28.5022,21.3032,0.0,197.2582,False,NONE,False,False,0.0
134,ACT-0000135,2026-08-03T07:33:45.412724,1,A,O2,M1,F3,159,G1,S1,S1-L100,22.085,57.315,18.0,18.76166,0.08885,6.89231,24.505,34.0557,25.7713,25.6604,30.6133,29.8992,19.7977,0.5967,190.3025,False,NONE,False,False,0.0
135,ACT-0000136,2026-08-03T07:34:29.095231,1,B,O2,M1,F3,160,G2,S1,S1-L100,22.606,59.18,20.0,20.18348,0.05861,6.53864,25.5756,32.9575,25.0912,28.7476,35.8285,28.4749,21.2975,0.0,197.973,False,NONE,False,False,0.0
136,ACT-0000137,2026-08-03T07:35:11.094598,1,B,O3,M2,F4,302,G2,S1,S1-L100,23.032,60.449,20.0,20.05795,-0.01125,6.28453,23.8803,28.6583,26.4552,28.923,34.7266,28.583,22.6768,0.0,193.9032,False,NONE,False,False,0.0
137,ACT-0000138,2026-08-03T07:35:51.666601,1,A,O3,M1,F4,303,G2,S1,S1-L100,22.742,56.287,18.0,18.98311,0.02341,6.86709,23.0384,30.4997,25.6342,29.6633,31.8712,30.7288,21.3494,0.0,192.7851,False,NONE,False,False,0.0
138,ACT-0000139,2026-08-03T07:36:36.335694,1,B,O3,M1,F4,304,G1,S1,S1-L100,21.924,55.977,20.0,20.46513,0.09538,6.43446,24.2816,31.8649,26.721,29.0967,33.9993,31.4201,21.7777,0.0,199.1614,False,NONE,False,False,0.0
139,ACT-0000140,2026-08-03T07:37:17.602726,1,A,O3,M2,F4,305,G2,S1,S1-L100,22.386,56.89,18.0,18.55476,0.00452,7.36705,24.6292,30.6498,27.5734,29.0167,33.8003,27.5276,20.8533,0.0,194.0504,False,NONE,False,False,0.0
140,ACT-0000141,2026-08-03T07:37:59.609595,1,A,O3,M2,F4,306,G1,S1,S1-L100,23.818,57.752,18.0,18.40625,0.02693,6.63085,24.8639,28.8941,28.3224,29.6176,31.6925,26.8413,19.6713,0.0,189.9031,False,NONE,False,False,0.0
141,ACT-0000142,2026-08-03T07:38:48.103198,1,A,O3,M1,F2,205,G2,S1,S1-L100,23.004,60.412,18.0,18.69139,0.1082,6.88221,24.0316,29.5725,27.6172,30.0726,31.1612,29.1173,21.218,0.0,192.7904,False,NONE,False,False,0.0
142,ACT-0000143,2026-08-03T07:39:21.911345,1,B,O3,M1,F4,307,G1,S1,S1-L100,21.657,56.778,20.0,20.06968,0.02686,7.32511,21.7756,33.969,26.8276,27.7336,37.0386,26.3733,21.2451,0.0,194.9628,False,NONE,False,False,0.0
143,ACT-0000144,2026-08-03T07:40:04.017002,1,A,O3,M1,F4,308,G1,S1,S1-L100,22.159,59.732,18.0,18.96213,-0.06699,7.41179,23.9912,33.0163,28.2781,28.6957,35.5154,30.4858,20.8054,0.0,200.7877,False,NONE,False,False,0.0
144,ACT-0000145,2026-08-03T07:40:49.407352,1,C,O3,M1,F3,161,G1,S1,S1-L100,22.168,57.124,22.0,21.78112,0.03529,6.27362,25.3722,33.6035,29.8159,30.5073,36.2567,32.0268,20.7329,0.0,208.3153,False,NONE,False,False,0.0
145,ACT-0000146,2026-08-03T07:41:30.250882,1,A,O3,M2,F1,488,G1,S1,S1-L100,22.323,55.618,18.0,18.34998,0.09882,6.53069,23.6593,32.5961,28.8566,29.4868,32.7235,28.4492,20.819,0.1132,196.5905,False,NONE,False,False,0.0
146,ACT-0000147,2026-08-03T07:42:14.804352,1,B,O3,M2,F3,162,G2,S1,S1-L100,22.574,57.738,20.0,21.02033,0.0193,6.60876,27.0884,29.6389,23.7983,29.2611,33.5475,29.1313,20.6197,0.0,193.0852,False,NONE,False,False,0.0
147,ACT-0000148,2026-08-03T07:42:52.932423,1,A,O3,M1,F4,309,G1,S1,S1-L100,22.992,53.364,18.0,17.96614,-0.09533,6.84103,25.6878,31.3651,31.2085,30.6376,35.4757,32.1999,21.9601,0.0,208.5348,False,NONE,False,False,0.0
148,ACT-0000149,2026-08-03T07:43:33.321597,1,A,O3,M1,F4,310,G1,S1,S1-L100,21.335,54.891,18.0,17.84112,0.08945,6.73136,25.1805,32.1682,26.0656,26.8764,34.5452,30.5223,19.5274,3.6949,194.8856,False,NONE,False,False,0.0
149,ACT-0000150,2026-08-03T07:44:18.074039,1,A,O3,M2,F1,489,G1,S1,S1-L100,21.831,54.904,18.0,18.13498,0.15026,6.63019,23.1781,32.9087,28.1011,27.616,30.5562,33.8682,21.5341,0.0,197.7624,False,NONE,False,False,0.0
150,ACT-0000151,2026-08-03T07:45:02.138054,1,A,O3,M1,F4,311,G1,S1,S1-L100,23.228,54.822,18.0,18.41569,0.02698,6.68636,24.7475,29.1143,26.4702,29.1314,32.0564,32.6207,22.1262,0.0,196.2667,False,NONE,False,False,0.0
151,ACT-0000152,2026-08-03T07:45:40.382830,1,A,O3,M2,F4,312,G1,S1,S1-L100,21.798,55.982,18.0,18.29218,-0.00392,6.36012,22.9832,29.8482,28.0546,29.187,32.5347,28.8012,21.3338,0.0,192.7427,False,NONE,False,False,0.0
152,ACT-0000153,2026-08-03T07:46:25.341113,1,A,O3,M1,F1,490,G2,S1,S1-L100,21.647,57.695,18.0,18.17908,-0.04934,6.26471,23.5154,29.4585,23.7834,27.9506,31.3791,29.5004,22.1034,0.0,187.6908,False,NONE,False,False,0.0
153,ACT-0000154,2026-08-03T07:47:06.323112,1,B,O1,M1,F2,206,G2,S1,S1-L100,22.146,59.64,20.0,20.85977,0.16147,6.66923,23.8962,33.3949,26.9642,29.6211,33.5993,33.0971,19.6395,0.0,200.2123,False,NONE,False,False,0.0
154,ACT-0000155,2026-08-03T07:47:49.809160,1,A,O1,M2,F3,163,G2,S1,S1-L100,22.495,57.224,18.0,17.9041,-0.01317,6.46114,25.3787,27.1703,25.0925,29.6092,32.5342,30.5346,19.0074,0.0,189.3268,False,NONE,False,False,0.0
155,ACT-0000156,2026-08-03T07:48:32.772074,1,C,O1,M2,F3,164,G2,S1,S1-L100,21.443,54.911,22.0,22.08224,-0.04711,6.83795,24.7672,32.8918,25.4323,30.7251,40.8306,29.8144,22.1073,0.0,206.5688,False,NONE,False,False,0.0
156,ACT-0000157,2026-08-03T07:49:10.136472,1,A,O1,M1,F4,313,G1,S1,S1-L100,23.123,60.537,18.0,17.23418,0.13583,6.92948,23.3252,31.7634,29.6869,28.8469,28.7639,32.0555,19.4125,3.6603,193.8542,False,NONE,False,False,0.0
157,ACT-0000158,2026-08-03T07:49:52.828532,1,A,O1,M1,F4,314,G1,S1,S1-L100,22.269,58.822,18.0,18.08452,0.10619,6.82487,24.6764,29.7105,28.221,26.1187,34.6232,29.4853,20.2195,0.0,193.0547,False,NONE,False,False,0.0
158,ACT-0000159,2026-08-03T07:50:33.831407,1,C,O1,M2,F4,315,G2,S1,S1-L100,22.352,54.809,22.0,22.04876,0.09405,7.43887,24.7945,31.2207,25.9866,29.2039,41.6864,30.6434,22.6156,0.0,206.1512,False,NONE,False,False,0.0
159,ACT-0000160,2026-08-03T07:51:14.014175,1,C,O1,M2,F1,491,G1,S1,S1-L100,22.228,55.304,22.0,22.42624,-0.07731,6.81702,23.6104,29.5291,27.6649,28.2936,41.4883,27.5728,21.3608,3.6114,199.5199,False,NONE,False,False,0.0
160,ACT-0000161,2026-08-03T07:52:00.905723,1,A,O1,M2,F3,165,G2,S1,S1-L100,21.835,56.012,18.0,17.82707,-0.04802,6.83275,21.295,30.3608,26.2187,27.8244,31.8456,33.0511,21.7959,1.6072,192.3915,False,NONE,False,False,0.0
161,ACT-0000162,2026-08-03T07:52:42.749497,1,A,O1,M1,F2,207,G2,S1,S1-L100,21.818,58.477,18.0,17.87185,0.0055,6.85628,23.6253,30.8225,25.9582,26.2698,31.2733,32.0505,20.0445,0.0,190.0441,False,NONE,False,False,0.0
162,ACT-0000163,2026-08-03T07:53:20.139329,1,C,O1,M2,F2,208,G2,S1,S1-L100,22.299,57.997,22.0,22.41399,0.05711,6.1346,24.4903,29.2704,28.9349,28.0137,43.9588,29.3731,21.7828,0.0,205.824,False,NONE,False,False,0.0
163,ACT-0000164,2026-08-03T07:54:04.933163,1,A,O1,M2,F1,492,G1,S1,S1-L100,23.39,52.898,18.0,18.0958,0.01142,6.99445,24.6706,29.1373,28.0412,30.4691,30.8243,28.9399,22.6747,0.0,194.7571,False,NONE,False,False,0.0
164,ACT-0000165,2026-08-03T07:54:48.418246,1,B,O1,M2,F2,209,G1,S1,S1-L100,21.742,58.514,20.0,20.0948,-0.01942,6.4661,23.4353,29.1827,25.6138,25.603,38.106,29.66,21.2144,0.0,192.8152,False,NONE,False,False,0.0
165,ACT-0000166,2026-08-03T07:55:30.604033,1,A,O1,M1,F3,166,G1,S1,S1-L100,22.882,55.664,18.0,17.94781,-0.0651,7.13765,25.1755,32.5825,29.3997,28.6056,33.5193,29.6914,19.4592,0.0,198.4333,False,NONE,False,False,0.0
166,ACT-0000167,2026-08-03T07:56:09.805961,1,C,O1,M2,F3,167,G2,S1,S1-L100,23.366,56.908,22.0,22.81342,-0.03328,6.41245,23.9137,33.0018,27.2416,30.7977,42.6433,30.4186,19.9188,0.0,207.9357,False,NONE,False,False,0.0
167,ACT-0000168,2026-08-03T07:56:51.815629,1,B,O1,M1,F1,493,G1,S1,S1-L100,21.667,57.85,20.0,19.78305,0.03659,6.75078,25.9304,32.779,27.0907,30.5571,36.5088,28.1628,19.7491,0.0,200.7779,False,NONE,False,False,0.0
168,ACT-0000169,2026-08-03T07:57:32.265458,1,B,O1,M2,F1,494,G1,S1,S1-L100,22.98,57.407,20.0,19.70651,-0.10865,6.23893,25.0556,32.1473,28.5827,31.0589,33.2882,28.8026,21.1023,0.0,200.0377,False,NONE,False,False,0.0
169,ACT-0000170,2026-08-03T07:58:18.860784,1,A,O1,M1,F4,316,G1,S1,S1-L100,22.434,57.04,18.0,17.73056,-0.03818,6.19223,23.853,33.9697,27.8419,31.1937,29.3307,28.4167,22.336,0.0,196.9417,False,NONE,False,False,0.0
170,ACT-0000171,2026-08-03T07:58:59.112680,1,C,O2,M2,F1,495,G1,S1,S1-L100,22.547,56.257,22.0,21.50125,-0.05594,7.07815,25.337,31.7064,28.3712,30.235,39.5515,27.5767,22.482,0.0,205.2598,False,NONE,False,False,0.0
171,ACT-0000172,2026-08-03T07:59:42.892391,1,B,O2,M1,F1,496,G1,S1,S1-L100,21.678,60.717,20.0,20.47857,-0.01039,6.92382,24.6875,31.4271,24.9925,31.1341,31.7133,29.505,18.5892,0.0,192.0487,False,NONE,False,False,0.0
172,ACT-0000173,2026-08-03T08:00:21.698470,1,C,O2,M2,F4,317,G2,S1,S1-L100,22.512,56.703,22.0,22.35652,-0.03642,6.41634,27.2524,32.4417,25.7147,28.1625,36.917,27.5756,21.7618,0.0,199.8257,False,NONE,False,False,0.0
173,ACT-0000174,2026-08-03T08:01:03.066340,1,B,O2,M1,F2,210,G1,S1,S1-L100,22.546,56.151,20.0,20.47067,-0.03176,6.07574,24.0514,31.5384,26.911,29.3908,37.9712,29.0085,21.4827,0.0,200.3541,False,NONE,False,False,0.0
174,ACT-0000175,2026-08-03T08:01:44.522805,1,A,O2,M2,F4,318,G2,S1,S1-L100,22.715,58.594,18.0,17.73447,0.05819,6.69953,24.0006,29.121,25.7436,28.3607,34.1546,30.6593,22.6604,1.1804,194.7003,False,NONE,False,False,0.0
175,ACT-0000176,2026-08-03T08:02:31.808861,1,A,O2,M2,F2,211,G2,S1,S1-L100,22.313,54.281,18.0,17.39745,-0.03842,6.85077,23.0669,29.2574,29.3471,30.2925,31.6464,27.4566,20.7525,0.0,191.8194,False,NONE,False,False,0.0
176,ACT-0000177,2026-08-03T08:03:13.148502,1,A,O2,M1,F4,319,G2,S1,S1-L100,22.576,55.872,18.0,18.06099,-0.01561,6.62763,23.3833,27.6522,28.7375,30.1107,29.8172,30.2504,19.7483,0.0,189.6996,False,NONE,False,False,0.0
177,ACT-0000178,2026-08-03T08:03:51.278794,1,A,O2,M1,F4,320,G1,S1,S1-L100,21.338,54.844,18.0,17.19703,-0.05904,6.38666,23.2386,31.3177,26.3632,27.8048,29.8091,28.5137,23.1461,0.0,190.1932,False,NONE,False,False,0.0
178,ACT-0000179,2026-08-03T08:04:33.609338,1,B,O2,M2,F2,212,G2,S1,S1-L100,22.871,62.022,20.0,19.59317,-0.02035,6.69751,22.8876,29.9841,24.1874,28.1139,30.2233,29.2567,20.4276,0.0,185.0806,False,NONE,False,False,0.0
179,ACT-0000180,2026-08-03T08:05:16.822039,1,A,O2,M1,F2,213,G2,S1,S1-L100,22.191,56.012,18.0,17.67226,-0.10505,6.5069,21.515,27.5852,26.3567,28.7741,32.1442,31.2675,21.7014,0.0,189.3441,False,NONE,False,False,0.0
180,ACT-0000181,2026-08-03T08:06:00.645159,1,A,O2,M2,F2,214,G2,S2,S2-L101,22.583,57.274,18.0,17.93498,0.01217,6.41994,24.536,30.012,25.2973,29.37,34.7352,28.4883,21.888,0.0,194.3268,False,NONE,False,False,0.0
181,ACT-0000182,2026-08-03T08:06:42.895324,1,B,O2,M2,F1,497,G2,S2,S2-L101,21.718,53.785,20.0,19.83654,0.06099,5.97479,26.5459,32.1798,25.7649,29.346,37.9415,29.6027,19.9296,0.0,201.3104,False,NONE,False,False,0.0
182,ACT-0000183,2026-08-03T08:07:21.216723,1,A,O2,M2,F2,215,G2,S2,S2-L101,22.066,58.164,18.0,17.96499,0.07738,6.82036,24.731,32.5451,28.4343,28.955,33.7193,29.7602,20.3515,0.0,198.4964,False,NONE,False,False,0.0
183,ACT-0000184,2026-08-03T08:08:07.004110,1,A,O2,M2,F3,168,G2,S2,S2-L101,22.95,59.637,18.0,16.7011,0.03613,6.72067,25.3914,29.7014,27.7852,30.7497,30.1051,29.3292,21.8407,0.0,194.9027,False,NONE,False,False,0.0
184,ACT-0000185,2026-08-03T08:08:50.641512,1,A,O2,M1,F1,498,G2,S2,S2-L101,22.325,52.733,18.0,17.74226,0.03512,6.3815,26.6505,32.5841,26.5032,27.7408,31.6084,32.6025,19.8652,0.0,197.5547,False,NONE,False,False,0.0
185,ACT-0000186,2026-08-03T08:09:27.452244,1,A,O2,M2,F1,499,G1,S2,S2-L101,23.271,56.457,18.0,18.97225,-0.00024,7.18634,23.35,30.1892,26.2526,27.8032,28.6476,30.854,23.0859,0.6812,190.1824,False,NONE,False,False,0.0
186,ACT-0000187,2026-08-03T08:10:14.378376,1,A,O2,M1,F1,500,G1,S2,S2-L101,21.954,55.069,18.0,18.1257,-0.00893,6.75366,23.5695,30.9082,28.4695,27.8385,30.5071,32.4542,21.183,0.0,194.93,False,NONE,False,False,0.0
187,ACT-0000188,2026-08-03T08:10:51.203918,1,B,O3,M1,F1,501,G2,S2,S2-L101,22.418,57.652,20.0,20.33486,0.00385,6.29254,24.5052,29.9719,25.5747,28.1553,34.7626,27.7162,22.3058,0.0,192.9917,False,NONE,False,False,0.0
188,ACT-0000189,2026-08-03T08:11:31.130900,1,A,O3,M1,F3,169,G1,S2,S2-L101,22.203,56.937,18.0,17.7208,-0.00095,6.54787,21.1454,30.0218,28.2733,27.8369,30.1731,30.6186,21.6915,0.0,189.7605,False,NONE,False,False,0.0
189,ACT-0000190,2026-08-03T08:12:18.667480,1,A,O3,M2,F1,502,G1,S2,S2-L101,22.297,56.599,18.0,18.49793,0.02226,7.16969,25.3898,32.9172,28.2139,30.1291,31.0141,27.825,21.4879,0.0,196.977,False,NONE,False,False,0.0
190,ACT-0000191,2026-08-03T08:12:59.091943,1,B,O3,M2,F4,321,G2,S2,S2-L101,23.303,57.629,20.0,20.15572,0.03264,6.06759,25.5386,30.044,28.48,26.4068,36.2206,29.2106,21.0453,0.0,196.9458,False,NONE,False,False,0.0
191,ACT-0000192,2026-08-03T08:13:41.495281,1,A,O3,M2,F2,216,G1,S2,S2-L101,22.448,56.178,18.0,18.51835,-0.14303,6.42405,23.0936,32.29,27.2634,30.5621,30.5221,29.4686,20.4606,0.0,193.6604,False,NONE,False,False,0.0
192,ACT-0000193,2026-08-03T08:14:20.710771,1,B,O3,M2,F2,217,G1,S2,S2-L101,23.362,54.886,20.0,19.74162,0.01809,6.20328,25.3694,29.9893,27.3093,31.2205,34.0239,32.6374,20.6205,0.0,201.1703,False,NONE,False,False,0.0
193,ACT-0000194,2026-08-03T08:15:04.124581,1,A,O3,M2,F1,503,G2,S2,S2-L101,22.701,57.06,18.0,17.07811,0.11179,6.73154,23.7448,30.5262,26.443,31.2158,31.4641,29.6006,22.8803,0.0,195.8748,False,NONE,False,False,0.0
194,ACT-0000195,2026-08-03T08:15:45.711807,1,A,O3,M1,F4,322,G2,S2,S2-L101,22.318,53.645,18.0,17.75479,0.07333,6.59148,24.2016,30.0674,26.9906,29.3231,32.6635,29.2942,20.3755,0.0,192.9159,False,NONE,False,False,0.0
195,ACT-0000196,2026-08-03T08:16:30.732441,1,B,O3,M1,F4,323,G2,S2,S2-L101,23.148,57.945,20.0,19.56694,-0.07547,6.70273,23.7564,33.1445,27.5191,30.1909,37.5099,32.0855,21.3669,0.0,205.5734,False,NONE,False,False,0.0
196,ACT-0000197,2026-08-03T08:17:13.451556,1,A,O3,M2,F1,504,G1,S2,S2-L101,22.823,57.311,18.0,17.64773,0.09565,6.92426,25.3633,31.2613,24.9377,28.0357,31.9211,28.5312,18.5997,0.0,188.65,False,NONE,False,False,0.0
197,ACT-0000198,2026-08-03T08:17:53.379349,1,A,O3,M1,F4,324,G1,S2,S2-L101,22.568,52.397,18.0,17.62611,-0.025,6.35973,22.9646,32.5099,25.7296,29.0106,31.1508,28.083,18.9033,0.0,188.3519,False,NONE,False,False,0.0
198,ACT-0000199,2026-08-03T08:18:35.904954,1,C,O3,M2,F4,325,G2,S2,S2-L101,22.689,58.912,22.0,20.92345,-0.06005,6.84862,25.9252,33.7192,25.4519,27.5092,38.837,29.9202,22.9673,0.0,204.3301,False,NONE,False,False,0.0
199,ACT-0000200,2026-08-03T08:19:18.706816,1,B,O3,M1,F3,170,G1,S2,S2-L101,22.582,55.824,20.0,20.06748,-0.09784,6.54041,22.9366,30.3589,27.6557,28.2927,33.6912,31.0613,20.0419,0.0,194.0383,False,NONE,False,False,0.0
200,ACT-0000201,2026-08-03T08:19:58.933145,1,B,O3,M2,F4,326,G1,S2,S2-L101,23.045,54.969,20.0,19.94169,0.07707,6.89595,21.4163,29.4728,24.9248,26.6652,36.072,30.6033,21.6824,0.2297,190.8368,False,NONE,False,False,0.0
201,ACT-0000202,2026-08-03T08:20:40.525431,1,B,O3,M1,F1,505,G2,S2,S2-L101,23.017,56.907,20.0,20.37071,-0.00996,6.81576,24.3663,31.4145,27.1986,25.5604,39.0267,28.4897,20.0801,0.0,196.1363,False,NONE,False,False,0.0
202,ACT-0000203,2026-08-03T08:21:23.355403,1,C,O3,M2,F4,327,G1,S2,S2-L101,22.014,59.428,22.0,21.85586,-0.12918,6.57839,22.2706,30.2603,25.7544,26.5567,34.5888,31.1334,21.4817,0.0,192.0458,False,NONE,False,False,0.0
203,ACT-0000204,2026-08-03T08:22:03.597990,1,A,O3,M1,F4,328,G1,S2,S2-L101,23.228,58.898,18.0,17.81149,-0.0439,6.40923,23.1334,32.8275,26.6238,28.8732,32.1052,30.8895,22.2227,0.0,196.6754,False,NONE,False,False,0.0
204,ACT-0000205,2026-08-03T08:22:45.793114,1,A,O1,M2,F1,506,G2,S2,S2-L101,22.52,54.896,18.0,17.41509,-0.18753,6.44638,24.3751,30.6567,26.8185,29.4443,32.4792,26.4649,18.2403,0.0,188.4791,False,NONE,False,False,0.0
205,ACT-0000206,2026-08-03T08:23:29.359174,1,A,O1,M1,F3,171,G2,S2,S2-L101,22.408,56.685,18.0,17.95952,0.04478,6.1581,24.181,32.0631,26.2754,31.2858,31.0505,31.6375,20.2719,0.0,196.7651,False,NONE,False,False,0.0
206,ACT-0000207,2026-08-03T08:24:13.014345,1,C,O1,M2,F2,218,G1,S2,S2-L101,23.626,57.637,22.0,22.45036,-0.02532,6.48325,24.007,33.6755,24.0759,29.8875,38.1129,28.591,23.2629,0.0,201.6127,False,NONE,False,False,0.0
207,ACT-0000208,2026-08-03T08:24:55.917049,1,A,O1,M2,F2,219,G2,S2,S2-L101,22.295,57.118,18.0,18.57177,0.07793,6.84535,23.9795,30.5884,26.1521,31.4422,31.5629,27.5564,21.4384,0.0,192.7199,False,NONE,False,False,0.0
208,ACT-0000209,2026-08-03T08:25:37.372216,1,B,O1,M2,F3,172,G2,S2,S2-L101,22.821,57.253,20.0,19.87478,0.05138,7.32451,24.6327,31.0224,25.5847,27.5836,36.3443,25.8606,19.605,0.0,190.6333,False,NONE,False,False,0.0
209,ACT-0000210,2026-08-03T08:26:16.564158,1,B,O1,M2,F2,220,G2,S2,S2-L101,21.874,57.837,20.0,20.1929,0.0993,6.4545,26.0884,29.564,25.6571,28.2608,37.2211,29.98,23.2841,0.0,200.0556,False,NONE,False,False,0.0
210,ACT-0000211,2026-08-03T08:27:00.872394,1,A,O1,M2,F2,221,G2,S2,S2-L101,22.887,57.113,18.0,17.9184,-0.00445,6.5669,22.8728,29.6519,27.7271,28.0685,29.6332,27.8829,20.223,0.0,186.0593,False,NONE,False,False,0.0
211,ACT-0000212,2026-08-03T08:27:36.589534,1,A,O1,M2,F3,173,G2,S2,S2-L101,22.456,58.134,18.0,17.98443,-0.02771,7.23208,22.8803,29.4932,25.5799,29.3573,31.3994,30.6237,21.7075,0.0,191.0412,False,NONE,False,False,0.0
212,ACT-0000213,2026-08-03T08:28:23.322849,1,A,O1,M2,F4,329,G2,S2,S2-L101,23.249,57.534,18.0,17.96112,-0.13115,6.42857,23.4588,31.1252,28.1254,28.8979,28.8066,30.407,22.1263,0.0,192.9472,False,NONE,False,False,0.0
213,ACT-0000214,2026-08-03T08:29:09.878135,1,A,O1,M1,F1,507,G2,S2,S2-L101,23.572,50.038,18.0,18.77265,-0.00788,6.9702,24.6081,30.8563,25.398,30.3673,33.6753,30.2112,21.2713,0.0,196.3875,False,NONE,False,False,0.0
214,ACT-0000215,2026-08-03T08:29:45.235985,1,C,O1,M2,F4,330,G2,S2,S2-L101,23.809,59.821,22.0,21.25938,0.1141,6.63303,23.0171,29.6552,25.588,30.5372,38.5101,30.1024,21.4952,0.7496,198.9051,False,NONE,False,False,0.0
215,ACT-0000216,2026-08-03T08:30:29.266747,1,A,O1,M1,F1,508,G1,S2,S2-L101,23.391,55.342,18.0,19.10977,0.04754,6.9231,24.0803,30.6706,28.038,30.5413,32.0842,28.2012,21.7799,0.0,195.3955,False,NONE,False,False,0.0
216,ACT-0000217,2026-08-03T08:31:11.057567,1,B,O1,M2,F4,331,G1,S2,S2-L101,23.073,56.415,20.0,20.35203,0.04303,7.14014,23.0093,30.8622,24.3014,26.3305,37.1416,30.5622,21.8703,0.0,194.0775,False,NONE,False,False,0.0
217,ACT-0000218,2026-08-03T08:31:52.190638,1,A,O1,M1,F4,332,G2,S2,S2-L101,22.303,57.21,18.0,17.82852,0.01079,6.6882,21.9233,31.105,27.8438,27.5421,32.0708,28.884,22.9174,0.0,192.2865,False,NONE,False,False,0.0
218,ACT-0000219,2026-08-03T08:32:38.232363,1,B,O1,M1,F3,174,G1,S2,S2-L101,22.883,59.813,20.0,20.52567,0.06688,6.88618,21.7402,33.1003,28.7607,29.0179,38.6068,27.4724,21.6627,0.0,200.361,False,NONE,False,False,0.0
219,ACT-0000220,2026-08-03T08:33:20.173937,1,B,O1,M2,F2,222,G2,S2,S2-L101,23.028,55.836,20.0,20.16139,-0.03449,6.95809,23.8677,30.2685,26.2442,31.4214,32.2778,30.1624,21.5539,0.0,195.7959,False,NONE,False,False,0.0
220,ACT-0000221,2026-08-03T08:33:58.811060,1,A,O1,M1,F3,175,G2,S2,S2-L101,22.549,56.615,18.0,18.4864,-0.00378,6.87852,24.4132,31.4091,27.5439,26.291,28.9896,32.311,20.9692,0.0,191.927,False,NONE,False,False,0.0
221,ACT-0000222,2026-08-03T08:34:44.676201,1,B,O2,M1,F1,509,G2,S2,S2-L101,23.21,57.155,20.0,20.17821,0.14489,6.203,25.8899,30.4235,27.6214,30.4781,33.561,28.7261,21.3694,0.0,198.0694,False,NONE,False,False,0.0
222,ACT-0000223,2026-08-03T08:35:23.576148,1,A,O2,M2,F3,176,G2,S2,S2-L101,22.593,55.934,18.0,18.56314,0.11243,6.54386,24.9898,30.9566,27.0418,27.9927,30.5707,30.1264,21.2064,0.0,192.8844,False,NONE,False,False,0.0
223,ACT-0000224,2026-08-03T08:36:08.151749,1,A,O2,M2,F1,510,G1,S2,S2-L101,22.195,54.203,18.0,17.37037,0.01288,6.73716,25.0277,33.9577,28.1472,31.2236,34.8423,30.564,22.2714,0.0,206.0338,False,NONE,False,False,0.0
224,ACT-0000225,2026-08-03T08:36:50.117008,1,C,O2,M2,F4,333,G2,S2,S2-L101,23.366,57.859,22.0,22.21181,-8e-05,6.78783,22.9157,28.6152,27.4225,27.3111,43.0357,32.3675,19.6366,4.9685,201.3043,False,NONE,False,False,0.0
225,ACT-0000226,2026-08-03T08:37:30.190260,1,B,O2,M1,F1,511,G2,S2,S2-L101,22.776,57.734,20.0,19.77619,0.03666,6.68879,25.8087,27.2549,25.4644,27.0973,34.0367,29.9312,19.0312,8.5703,188.6244,False,NONE,False,False,0.0
226,ACT-0000227,2026-08-03T08:38:09.343601,1,B,O2,M1,F4,334,G1,S2,S2-L101,22.588,57.16,20.0,19.12373,-0.07585,6.85356,22.8446,25.497,25.44,29.9232,33.208,27.9334,19.3952,5.3742,184.2413,False,NONE,False,False,0.0
227,ACT-0000228,2026-08-03T08:38:53.339052,1,B,O2,M2,F4,335,G2,S2,S2-L101,23.344,58.6,20.0,19.69447,-0.01767,6.60416,23.5381,30.5389,28.1891,29.5515,39.068,33.0369,21.2917,0.0,205.214,False,NONE,False,False,0.0
228,ACT-0000229,2026-08-03T08:39:35.405698,1,B,O2,M1,F2,223,G1,S2,S2-L101,22.578,55.345,20.0,19.86719,0.02218,7.2535,25.6311,29.9167,26.5628,30.2503,35.8676,28.1015,21.1464,0.0,197.4765,False,NONE,False,False,0.0
229,ACT-0000230,2026-08-03T08:40:20.509442,1,C,O2,M2,F1,512,G2,S2,S2-L101,22.49,60.0,22.0,21.60959,0.01687,7.101,23.0341,31.7825,26.6806,29.3382,36.0497,32.2186,18.8477,0.0,197.9514,False,NONE,False,False,0.0
230,ACT-0000231,2026-08-03T08:40:58.114551,1,A,O2,M2,F1,513,G1,S2,S2-L101,22.428,55.018,18.0,18.80493,0.07868,7.15328,22.2729,32.5305,27.8469,29.2045,30.9415,29.0335,22.1251,0.0,193.9549,False,NONE,False,False,0.0
231,ACT-0000232,2026-08-03T08:41:41.925802,1,A,O2,M2,F4,336,G1,S2,S2-L101,22.325,56.618,18.0,17.96986,-0.07624,7.19862,23.9705,31.0648,28.1672,26.8067,33.241,29.284,20.7406,0.0,193.2747,False,NONE,False,False,0.0
232,ACT-0000233,2026-08-03T08:42:22.367331,1,A,O2,M1,F3,177,G2,S2,S2-L101,23.299,57.336,18.0,18.15573,0.03347,6.33824,23.5587,30.6077,26.2055,28.9089,31.1941,29.9195,20.1399,0.0,190.5343,False,NONE,False,False,0.0
233,ACT-0000234,2026-08-03T08:43:05.180699,1,C,O2,M2,F3,178,G1,S2,S2-L101,22.823,55.658,22.0,21.72852,0.08357,7.09329,22.3347,27.1926,23.7645,28.1984,36.645,27.4371,22.7582,0.0,188.3304,False,NONE,False,False,0.0
234,ACT-0000235,2026-08-03T08:43:46.485539,1,A,O2,M2,F2,224,G1,S2,S2-L101,22.976,51.711,18.0,18.40021,-0.00345,6.92156,24.4855,30.0674,29.9696,25.6298,35.5082,27.4087,20.9026,0.0,193.9716,False,NONE,False,False,0.0
235,ACT-0000236,2026-08-03T08:44:31.895483,1,B,O2,M1,F1,514,G1,S2,S2-L101,22.697,54.19,20.0,20.03155,0.02184,6.56602,25.142,31.868,28.1431,27.6649,37.3593,30.3952,24.1838,0.0,204.7563,False,NONE,False,False,0.0
236,ACT-0000237,2026-08-03T08:45:08.344166,1,B,O2,M1,F4,337,G2,S2,S2-L101,23.059,56.673,20.0,19.74712,0.03077,6.65741,21.5895,30.3118,25.5777,27.4915,34.0208,29.1405,22.4556,8.7581,190.5874,False,NONE,False,False,0.0
237,ACT-0000238,2026-08-03T08:45:52.990559,1,B,O2,M1,F2,225,G2,S2,S2-L101,23.168,54.771,20.0,20.55608,-0.13166,6.39425,22.5843,31.349,27.4662,26.5114,34.3115,31.2692,23.0229,0.0,196.5145,False,NONE,False,False,0.0
238,ACT-0000239,2026-08-03T08:46:36.298623,1,A,O3,M2,F4,338,G2,S2,S2-L101,23.193,56.27,18.0,17.70085,-0.09819,6.40252,24.2237,33.3528,26.8187,27.27,30.372,29.0169,20.5237,0.0,191.5778,False,NONE,False,False,0.0
239,ACT-0000240,2026-08-03T08:47:18.803029,1,B,O3,M2,F4,339,G2,S2,S2-L101,23.133,57.16,20.0,19.86653,0.0708,6.92618,23.4144,32.1511,26.6756,28.4905,33.7552,30.2901,21.6919,0.0,196.4689,False,NONE,False,False,0.0
240,ACT-0000241,2026-08-03T08:48:02.064797,1,B,O3,M1,F4,340,G2,S2,S2-L101,22.94,55.868,20.0,19.89748,0.03239,6.341,22.2301,27.5614,26.5212,29.4447,32.5215,27.0509,21.6477,0.0,186.9775,False,NONE,False,False,0.0
241,ACT-0000242,2026-08-03T08:48:48.388226,1,B,O3,M1,F4,341,G2,S2,S2-L101,23.595,53.532,20.0,20.24254,0.00089,6.78573,22.7029,28.9236,27.9581,30.8123,35.8514,31.9457,22.6944,0.0,200.8883,False,NONE,False,False,0.0
242,ACT-0000243,2026-08-03T08:49:20.943305,1,A,O3,M2,F2,226,G2,S2,S2-L101,23.389,56.129,18.0,17.49552,-0.01102,7.04165,24.6271,29.4005,25.1182,30.334,34.6766,32.1701,21.9801,4.2133,198.3067,False,NONE,False,False,0.0
243,ACT-0000244,2026-08-03T08:50:05.437781,1,B,O3,M2,F2,227,G2,S2,S2-L101,22.962,57.496,20.0,19.71806,0.00154,7.30575,25.7825,32.3879,27.4038,28.495,29.693,29.7487,21.7077,0.0,195.2185,False,NONE,False,False,0.0
244,ACT-0000245,2026-08-03T08:50:52.084798,1,A,O3,M2,F1,515,G2,S2,S2-L101,22.313,57.847,18.0,18.97519,-0.03335,6.68147,24.2062,33.027,27.962,29.0667,34.4161,28.4619,19.9919,0.0,197.1317,False,NONE,False,False,0.0
245,ACT-0000246,2026-08-03T08:51:30.288471,1,A,O3,M1,F1,516,G1,S2,S2-L101,23.0,54.394,18.0,17.89521,-0.09028,7.50692,25.7742,28.9966,25.5363,26.6786,30.1017,30.801,22.1431,3.4886,190.0316,False,NONE,False,False,0.0
246,ACT-0000247,2026-08-03T08:52:07.927528,1,A,O3,M2,F4,342,G2,S2,S2-L101,22.558,57.725,18.0,18.09489,-0.08672,6.73776,23.0883,29.9974,27.5256,29.1405,32.6429,25.858,19.6051,0.0,187.858,False,NONE,False,False,0.0
247,ACT-0000248,2026-08-03T08:52:53.157378,1,B,O3,M2,F3,179,G2,S2,S2-L101,23.132,56.114,20.0,19.26175,0.06188,6.13707,22.4641,32.2601,24.1219,29.1432,36.7295,30.2874,21.5433,0.0,196.5495,False,NONE,False,False,0.0
248,ACT-0000249,2026-08-03T08:53:32.516406,1,B,O3,M2,F4,343,G2,S2,S2-L101,23.399,58.041,20.0,20.03473,-0.00613,6.44781,24.4946,30.3305,28.7837,29.0838,33.9735,29.1719,22.0047,0.0,197.8427,False,NONE,False,False,0.0
249,ACT-0000250,2026-08-03T08:54:13.391859,1,C,O3,M2,F4,344,G2,S2,S2-L101,22.608,57.093,22.0,21.65858,-0.09391,6.60238,25.9883,28.5917,28.2592,29.6856,38.2582,29.7749,20.0067,0.0,200.5647,False,NONE,False,False,0.0
250,ACT-0000251,2026-08-03T08:54:58.667775,1,B,O3,M1,F3,180,G1,S2,S2-L101,23.119,56.143,20.0,20.72052,-0.00525,6.49157,25.1353,32.8762,25.1369,28.6155,33.2467,31.672,21.2357,0.0,197.9182,False,NONE,False,False,0.0
251,ACT-0000252,2026-08-03T08:55:40.526918,1,A,O3,M2,F2,228,G1,S2,S2-L101,23.221,58.897,18.0,18.21764,0.06731,5.96603,24.169,32.4188,30.1333,28.7861,29.676,30.1466,20.3659,0.0,195.6957,False,NONE,False,False,0.0
252,ACT-0000253,2026-08-03T08:56:26.574731,1,C,O3,M2,F2,229,G1,S2,S2-L101,22.486,53.154,22.0,22.25664,0.01679,6.61984,23.603,31.1083,24.8399,28.6983,38.7946,32.0013,20.0723,0.0,199.1178,False,NONE,False,False,0.0
253,ACT-0000254,2026-08-03T08:57:09.903113,1,A,O3,M2,F4,345,G2,S2,S2-L101,23.35,53.251,18.0,18.59659,-0.00788,7.22396,23.5599,30.4613,30.5265,29.6936,29.6345,30.6766,21.8781,0.0,196.4305,False,NONE,False,False,0.0
254,ACT-0000255,2026-08-03T08:57:49.944223,1,A,O3,M1,F4,346,G1,S2,S2-L101,22.813,55.559,18.0,17.68443,0.00043,7.0302,22.6661,30.056,28.0515,29.8605,35.0659,30.243,20.5649,0.0,196.5077,False,NONE,False,False,0.0
255,ACT-0000256,2026-08-03T08:58:33.008407,1,B,O1,M2,F1,517,G1,S2,S2-L101,22.816,53.258,20.0,20.25303,0.04029,6.19711,25.1245,30.1145,26.3161,26.7578,36.0482,26.6869,20.7259,0.0,191.7739,False,NONE,False,False,0.0
256,ACT-0000257,2026-08-03T08:59:12.143462,1,A,O1,M2,F3,181,G2,S2,S2-L101,23.516,54.824,18.0,18.67733,-0.05239,6.41456,23.8251,30.3903,28.5632,28.0078,31.2364,30.0385,21.6792,0.0,193.7405,False,NONE,False,False,0.0
257,ACT-0000258,2026-08-03T08:59:53.265108,1,A,O1,M2,F4,347,G2,S2,S2-L101,23.294,54.743,18.0,18.18511,-0.03578,6.67587,22.3655,31.5011,27.4042,28.107,32.7015,29.8285,22.643,0.0,194.5508,False,NONE,False,False,0.0
258,ACT-0000259,2026-08-03T09:00:38.316112,1,B,O1,M2,F4,348,G2,S2,S2-L101,23.161,55.579,20.0,20.50808,-0.02175,6.13143,22.7715,30.3921,28.984,27.9767,35.4645,30.9998,20.3212,0.0,196.9098,False,NONE,False,False,0.0
259,ACT-0000260,2026-08-03T09:01:18.829915,1,C,O1,M2,F4,349,G1,S2,S2-L101,22.493,53.743,22.0,21.42106,-0.00124,6.44266,25.6915,31.0116,27.7095,28.8974,39.8786,30.4069,19.5971,0.0,203.1925,False,NONE,False,False,0.0
260,ACT-0000261,2026-08-03T09:02:01.111276,1,B,O1,M2,F4,350,G2,S2,S2-L101,22.953,56.663,20.0,20.30191,0.02908,6.03548,26.6024,31.1836,27.161,28.4699,34.0596,31.8118,19.8803,0.0,199.1685,False,NONE,False,False,0.0
261,ACT-0000262,2026-08-03T09:02:43.067127,1,A,O1,M2,F4,351,G2,S2,S2-L101,23.264,54.531,18.0,17.60293,-0.0466,7.03959,21.8613,31.032,26.7228,27.7722,34.2532,29.0372,21.3139,0.0,191.9926,False,NONE,False,False,0.0
262,ACT-0000263,2026-08-03T09:03:24.115976,1,A,O1,M1,F3,182,G2,S2,S2-L101,23.539,55.897,18.0,17.27433,-0.0128,7.22811,22.2079,30.6578,27.0628,31.2502,30.5277,27.8989,20.4213,0.0,190.0266,False,NONE,False,False,0.0
263,ACT-0000264,2026-08-03T09:04:03.720918,1,B,O1,M2,F1,518,G1,S2,S2-L101,22.683,56.545,20.0,20.55204,-0.1068,6.19966,24.6578,30.9901,24.6072,28.477,34.7086,29.01,21.118,0.0,193.5687,False,NONE,False,False,0.0
264,ACT-0000265,2026-08-03T09:04:53.776415,1,C,O1,M2,F1,519,G1,S2,S2-L101,23.874,56.625,22.0,22.20336,0.0153,6.59978,21.6973,28.728,26.8491,26.6654,38.9812,30.748,21.1721,0.0,194.8412,False,NONE,False,False,0.0
265,ACT-0000266,2026-08-03T09:05:28.562377,1,A,O1,M2,F1,520,G1,S2,S2-L101,24.074,55.505,18.0,17.28982,0.0659,6.76555,23.2104,28.1087,25.6614,30.1778,32.5037,30.2293,20.6562,0.9768,190.5475,False,NONE,False,False,0.0
266,ACT-0000267,2026-08-03T09:06:09.783326,1,A,O1,M2,F2,230,G2,S2,S2-L101,23.499,54.934,18.0,18.33669,-0.01481,6.48199,23.8436,30.5498,28.8388,27.877,33.9646,29.5231,22.9874,0.0,197.5842,False,NONE,False,False,0.0
267,ACT-0000268,2026-08-03T09:06:52.052579,1,A,O1,M1,F3,183,G2,S2,S2-L101,23.059,54.384,18.0,17.0867,0.01952,6.82322,23.6953,30.0008,24.8788,28.2973,32.1463,29.777,21.4423,0.0,190.2378,False,NONE,False,False,0.0
268,ACT-0000269,2026-08-03T09:07:36.539651,1,A,O1,M2,F2,231,G2,S2,S2-L101,23.421,56.424,18.0,18.90349,0.1069,6.42942,23.3557,31.5577,26.3854,27.1014,28.5728,26.0534,19.7824,0.0,182.8087,False,NONE,False,False,0.0
269,ACT-0000270,2026-08-03T09:08:20.449413,1,A,O1,M1,F4,352,G2,S2,S2-L101,22.873,57.423,18.0,17.19348,-0.03757,7.08947,24.4404,31.2839,25.5622,28.7214,32.5867,31.2438,20.7506,0.0,194.589,False,NONE,False,False,0.0
270,ACT-0000271,2026-08-03T09:08:57.833554,1,C,O1,M2,F4,353,G2,S2,S2-L101,23.631,57.925,22.0,21.94987,0.04529,6.85832,25.9237,32.1771,27.0492,28.6941,36.5091,30.0347,21.3208,0.0,201.7087,False,NONE,False,False,0.0
271,ACT-0000272,2026-08-03T09:09:42.003028,1,A,O1,M2,F2,232,G2,S2,S2-L101,22.817,54.886,18.0,18.23806,0.03164,6.2113,23.9732,34.0175,26.2213,26.9487,32.2794,31.4281,20.5677,0.0,195.436,False,NONE,False,False,0.0
272,ACT-0000273,2026-08-03T09:10:23.159585,1,B,O2,M2,F1,521,G2,S2,S2-L101,22.911,57.902,20.0,20.37355,0.02241,6.2522,23.0624,27.5768,26.0448,27.899,37.5599,31.1872,20.9416,0.0,194.2716,False,NONE,False,False,0.0
273,ACT-0000274,2026-08-03T09:11:04.906461,1,A,O2,M2,F2,233,G2,S2,S2-L101,24.06,56.908,18.0,18.70603,-0.02556,7.12279,24.8018,31.8244,27.198,29.8309,29.3328,27.6002,21.4497,0.0,192.0378,False,NONE,False,False,0.0
274,ACT-0000275,2026-08-03T09:11:48.799449,1,B,O2,M1,F1,522,G1,S2,S2-L101,23.215,55.542,20.0,20.44724,0.02681,6.56808,24.1684,33.6109,25.4475,30.7954,36.6568,30.3065,20.639,0.0,201.6245,False,NONE,False,False,0.0
275,ACT-0000276,2026-08-03T09:12:30.405113,1,B,O2,M1,F2,234,G1,S2,S2-L101,23.2,52.651,20.0,20.38233,0.09126,6.54476,23.6704,32.564,24.7432,29.191,32.1951,29.5716,21.5034,0.0,193.4386,False,NONE,False,False,0.0
276,ACT-0000277,2026-08-03T09:13:13.308003,1,B,O2,M2,F2,235,G1,S2,S2-L101,23.898,56.42,20.0,20.63064,0.01317,7.01566,24.8294,31.0428,28.8274,30.2308,36.6516,28.8834,21.7016,0.0,202.1669,False,NONE,False,False,0.0
277,ACT-0000278,2026-08-03T09:13:50.779571,1,B,O2,M1,F2,236,G2,S2,S2-L101,22.905,55.594,20.0,19.75485,0.0296,6.84006,22.392,28.865,26.918,29.1247,35.0946,30.8217,20.4913,6.8106,193.7073,False,NONE,False,False,0.0
278,ACT-0000279,2026-08-03T09:14:35.830817,1,A,O2,M2,F2,237,G1,S2,S2-L101,23.416,57.172,18.0,17.7514,0.04945,7.26729,24.5083,30.602,28.5477,27.5426,34.9968,30.0259,20.6567,0.0,196.88,False,NONE,False,False,0.0
279,ACT-0000280,2026-08-03T09:15:17.726167,1,A,O2,M2,F1,523,G1,S2,S2-L101,22.236,57.186,18.0,17.75805,0.02875,6.86129,24.7308,31.7822,27.1238,30.6399,33.2512,33.3061,22.3714,0.0,203.2055,False,NONE,False,False,0.0
280,ACT-0000281,2026-08-03T09:16:01.182480,1,A,O2,M1,F4,354,G1,S2,S2-L101,24.04,54.885,18.0,17.87572,-0.01191,6.67607,25.4128,32.8763,27.7487,29.3164,33.2679,28.5325,21.5035,0.0,198.6582,False,NONE,False,False,0.0
281,ACT-0000282,2026-08-03T09:16:43.614736,1,C,O2,M1,F2,238,G1,S2,S2-L101,24.433,57.874,22.0,21.87799,-0.1962,6.32966,23.9138,29.7216,26.0876,30.8566,42.4987,28.6117,21.8944,0.0,203.5844,False,NONE,False,False,0.0
282,ACT-0000283,2026-08-03T09:17:26.102918,1,A,O2,M1,F1,524,G2,S2,S2-L101,23.447,53.464,18.0,17.90936,-0.03468,7.01977,25.9136,32.4221,26.4696,27.4732,32.3612,31.5232,21.2938,0.0,197.4567,False,NONE,False,False,0.0
283,ACT-0000284,2026-08-03T09:18:13.390911,1,A,O2,M1,F3,184,G2,S2,S2-L101,24.096,53.223,18.0,17.69796,0.0368,6.96518,22.9876,32.3852,25.0292,26.647,35.6686,31.5005,20.8517,0.0,195.0699,False,NONE,False,False,0.0
284,ACT-0000285,2026-08-03T09:18:48.447420,1,A,O2,M1,F3,185,G1,S2,S2-L101,23.172,54.55,18.0,17.65985,0.08029,7.05342,23.6276,31.1064,25.5661,30.7155,31.311,27.968,21.093,0.0,191.3877,False,NONE,False,False,0.0
285,ACT-0000286,2026-08-03T09:19:28.920274,1,A,O2,M2,F1,525,G1,S2,S2-L101,23.562,52.394,18.0,19.25126,-0.04725,6.32099,24.4588,31.9211,25.5311,26.0798,31.2858,31.4604,20.2519,0.0,190.9888,False,NONE,False,False,0.0
286,ACT-0000287,2026-08-03T09:20:09.977632,1,B,O2,M1,F1,526,G2,S2,S2-L101,24.159,57.461,20.0,20.49286,0.03513,7.40191,24.4834,31.6745,27.814,29.3264,34.8666,27.8368,21.8759,0.0,197.8776,False,NONE,False,False,0.0
287,ACT-0000288,2026-08-03T09:20:56.061342,1,A,O2,M2,F1,527,G1,S2,S2-L101,23.303,59.488,18.0,18.22886,0.03101,7.65019,23.1832,33.0294,26.0653,26.1056,30.4609,30.4738,22.3771,0.0,191.6953,False,NONE,False,False,0.0
288,ACT-0000289,2026-08-03T09:21:38.602683,1,A,O2,M1,F3,186,G2,S2,S2-L101,23.258,56.921,18.0,18.1445,0.01073,6.55961,23.1831,30.7619,28.0533,31.2328,34.8213,28.3459,21.3048,0.0,197.7031,False,NONE,False,False,0.0
289,ACT-0000290,2026-08-03T09:22:18.846271,1,C,O3,M2,F4,355,G1,S2,S2-L101,23.821,58.729,22.0,21.65173,-0.08452,6.87014,24.205,33.6474,25.9338,32.462,38.227,32.4338,23.5429,0.0,210.4521,False,NONE,False,False,0.0
290,ACT-0000291,2026-08-03T09:22:57.719298,1,B,O3,M2,F4,356,G1,S2,S2-L101,23.404,56.693,20.0,20.91575,-0.06291,6.55902,24.2196,31.256,26.2251,28.2425,33.8338,31.1453,20.408,5.6591,195.3303,False,NONE,False,False,0.0
291,ACT-0000292,2026-08-03T09:23:41.171807,1,B,O3,M1,F3,187,G1,S2,S2-L101,24.527,57.639,20.0,19.04867,-0.08895,6.96587,23.5528,30.958,26.2533,27.6089,34.5292,28.2967,20.8635,0.0,192.0623,False,NONE,False,False,0.0
292,ACT-0000293,2026-08-03T09:24:24.205508,1,A,O3,M2,F4,357,G1,S2,S2-L101,23.856,59.759,18.0,17.92481,-0.04127,6.5813,22.6472,32.178,25.2778,29.8401,33.281,32.0088,20.8972,0.0,196.1301,False,NONE,False,False,0.0
293,ACT-0000294,2026-08-03T09:25:03.621370,1,B,O3,M1,F4,358,G2,S2,S2-L101,24.719,54.629,20.0,19.90932,-0.05203,7.02266,26.3687,30.514,28.672,29.5973,33.4023,28.3433,20.3121,0.0,197.2098,False,NONE,False,False,0.0
294,ACT-0000295,2026-08-03T09:25:47.909157,1,B,O3,M2,F4,359,G2,S2,S2-L101,23.238,57.747,20.0,20.31217,0.09055,6.87275,20.4972,31.1977,25.8557,28.1201,32.7691,30.216,20.9127,0.0,189.5685,False,NONE,False,False,0.0
295,ACT-0000296,2026-08-03T09:26:33.040033,1,C,O3,M2,F3,188,G1,S2,S2-L101,23.824,54.642,22.0,22.56143,0.05979,6.55851,25.4101,30.1285,27.9662,25.3214,38.9581,27.1966,20.8286,0.0,195.8095,False,NONE,False,False,0.0
296,ACT-0000297,2026-08-03T09:27:12.362919,1,B,O3,M2,F3,189,G2,S2,S2-L101,23.873,54.406,20.0,20.83864,-0.09866,6.86919,22.8014,31.1473,27.5847,28.6058,35.8379,30.9629,21.9294,0.0,198.8695,False,NONE,False,False,0.0
297,ACT-0000298,2026-08-03T09:27:57.949508,1,B,O3,M2,F1,528,G2,S2,S2-L101,23.895,55.094,20.0,20.6835,0.02228,6.50852,23.8748,32.0298,26.8296,28.1124,38.2662,30.6366,21.4111,0.0,201.1605,False,NONE,False,False,0.0
298,ACT-0000299,2026-08-03T09:28:34.952293,1,A,O3,M1,F4,360,G2,S2,S2-L101,22.879,54.308,18.0,18.66249,-0.09991,7.17327,25.4686,30.4061,26.9561,29.8937,32.9966,32.2398,21.6931,0.0,199.6541,False,NONE,False,False,0.0
299,ACT-0000300,2026-08-03T09:29:18.099846,1,C,O3,M1,F4,361,G2,S2,S2-L101,22.717,56.667,22.0,21.88115,-0.00211,6.51779,22.184,29.4664,25.8526,31.6839,41.8491,30.1683,19.5879,0.0,200.7921,False,NONE,False,False,0.0
300,ACT-0000301,2026-08-03T09:29:58.899516,1,A,O3,M1,F1,529,G1,S2,S2-L101,22.3,58.976,18.0,17.47303,-0.02953,7.00894,25.5639,32.7788,26.8171,27.3744,31.8243,30.1027,19.9993,0.0,194.4605,False,NONE,False,False,0.0
301,ACT-0000302,2026-08-03T09:30:39.633146,1,A,O3,M2,F4,362,G1,S2,S2-L101,23.838,57.561,18.0,17.81146,0.04041,6.93072,20.8064,33.7178,24.3672,30.3752,34.7289,28.1751,22.0254,0.0,194.196,False,NONE,False,False,0.0
302,ACT-0000303,2026-08-03T09:31:23.285112,1,A,O3,M2,F1,530,G2,S2,S2-L101,22.888,55.09,18.0,18.45204,0.00461,6.53192,25.095,31.3585,27.9424,29.9043,30.377,30.1864,22.2075,0.0,197.0711,False,NONE,False,False,0.0
303,ACT-0000304,2026-08-03T09:32:02.597241,1,B,O3,M2,F4,363,G2,S2,S2-L101,23.721,53.052,20.0,21.12143,-0.108,6.70951,24.3791,35.0442,29.3876,29.4846,36.1922,28.304,21.7154,0.0,204.507,False,NONE,False,False,0.0
304,ACT-0000305,2026-08-03T09:32:48.210185,1,B,O3,M2,F4,364,G1,S2,S2-L101,23.777,52.548,20.0,20.18795,-0.06671,6.20419,23.3666,30.6884,26.9294,29.4276,28.6006,30.6063,20.6021,0.0,190.221,False,NONE,False,False,0.0
305,ACT-0000306,2026-08-03T09:33:26.275188,1,A,O3,M1,F4,365,G2,S2,S2-L101,24.067,56.365,18.0,17.48189,-0.00338,6.76723,23.3573,28.9971,26.387,26.9866,32.4652,30.3103,21.3253,0.0,189.8287,False,NONE,False,False,0.0
306,ACT-0000307,2026-08-03T09:34:11.775234,1,A,O1,M2,F3,190,G2,S2,S2-L101,24.477,57.928,18.0,18.52303,0.03158,6.83019,22.9793,32.2292,28.5283,28.9169,33.3474,30.4288,21.0964,0.0,197.5262,False,NONE,False,False,0.0
307,ACT-0000308,2026-08-03T09:34:55.721928,1,A,O1,M2,F1,531,G1,S2,S2-L101,23.696,55.776,18.0,18.8305,-0.0379,6.98374,22.3425,32.6541,26.8708,27.3952,33.592,30.2715,20.5049,0.0,193.631,False,NONE,False,False,0.0
308,ACT-0000309,2026-08-03T09:35:35.179494,1,B,O1,M1,F3,191,G2,S2,S2-L101,23.32,54.02,20.0,19.24674,0.01344,6.57325,23.7574,36.4437,28.4596,28.0681,35.8677,29.9676,20.4932,0.0,203.0575,False,NONE,False,False,0.0
309,ACT-0000310,2026-08-03T09:36:18.497773,1,A,O1,M2,F1,532,G2,S2,S2-L101,23.569,56.295,18.0,18.07238,0.08842,6.53766,22.4888,32.3755,24.5866,29.7845,32.1572,30.2898,20.3347,0.043,192.0171,False,NONE,False,False,0.0
310,ACT-0000311,2026-08-03T09:36:56.184488,1,B,O1,M2,F2,239,G2,S2,S2-L101,24.408,54.437,20.0,19.84793,-0.09037,6.24271,24.5621,32.5177,28.8308,28.4702,37.1343,28.7008,22.9759,0.0,203.1918,False,NONE,False,False,0.0
311,ACT-0000312,2026-08-03T09:37:43.240313,1,A,O1,M1,F3,192,G2,S2,S2-L101,23.938,54.802,18.0,18.28874,-0.0337,6.89917,25.4128,32.7826,26.915,29.8887,31.2794,29.9429,21.278,0.0,197.4995,False,NONE,False,False,0.0
312,ACT-0000313,2026-08-03T09:38:24.398013,1,B,O1,M2,F1,533,G1,S2,S2-L101,23.371,59.357,20.0,20.63988,0.06349,6.79086,24.9997,29.8719,28.5277,26.4077,35.2393,32.1383,20.4143,0.0,197.5989,False,NONE,False,False,0.0
313,ACT-0000314,2026-08-03T09:39:05.998416,1,B,O1,M2,F3,193,G1,S2,S2-L101,23.832,56.354,20.0,20.02106,0.00487,6.32972,24.3433,33.0452,30.5044,27.8654,35.5972,28.3791,20.2851,0.0,200.0198,False,NONE,False,False,0.0
314,ACT-0000315,2026-08-03T09:39:44.559497,1,A,O1,M2,F4,366,G1,S2,S2-L101,24.77,59.324,18.0,18.46442,0.01931,6.69433,22.0062,28.9811,25.1496,25.7693,30.7671,27.29,21.095,10.8882,181.0582,False,NONE,False,False,0.0
315,ACT-0000316,2026-08-03T09:40:32.531730,1,A,O1,M1,F3,194,G1,S2,S2-L101,24.171,53.755,18.0,17.74772,0.07713,7.11578,24.0828,32.167,29.5493,26.742,29.3209,27.5061,21.1238,0.0,190.4918,False,NONE,False,False,0.0
316,ACT-0000317,2026-08-03T09:41:09.969010,1,A,O1,M2,F1,534,G2,S2,S2-L101,23.736,50.73,18.0,18.85621,-0.01834,6.99945,24.5588,30.7205,25.1452,27.8595,34.622,30.1776,19.3506,0.0,192.4342,False,NONE,False,False,0.0
317,ACT-0000318,2026-08-03T09:41:54.875544,1,B,O1,M2,F1,535,G1,S2,S2-L101,24.393,54.066,20.0,20.36497,-0.02149,6.5765,25.1493,28.8725,27.3449,27.6507,31.6083,30.3645,20.8819,0.0,191.872,False,NONE,False,False,0.0
318,ACT-0000319,2026-08-03T09:42:39.043440,1,C,O1,M2,F3,195,G2,S2,S2-L101,23.487,56.729,22.0,23.18379,-0.07563,6.53221,23.3844,32.6104,27.8775,28.7694,44.6772,32.178,21.4931,0.0,210.9902,False,NONE,False,False,0.0
319,ACT-0000320,2026-08-03T09:43:17.081680,1,C,O1,M1,F2,240,G1,S2,S2-L101,23.683,54.814,22.0,22.3576,-0.06881,6.46952,23.1641,32.9251,25.0227,28.56,42.7227,32.2221,22.6605,9.6089,207.2773,False,NONE,False,False,0.0
320,ACT-0000321,2026-08-03T09:43:54.713878,1,A,O1,M2,F2,241,G1,S2,S2-L101,22.819,54.273,18.0,17.97791,-0.00095,7.1259,23.8164,31.0638,27.8789,30.0467,30.9748,27.645,20.5859,11.5656,192.0115,False,NONE,False,False,0.0
321,ACT-0000322,2026-08-03T09:44:38.942821,1,B,O1,M1,F3,196,G1,S2,S2-L101,23.717,54.969,20.0,19.96431,0.04393,6.21799,23.3955,27.9931,28.7589,29.0637,30.7591,33.0923,20.7079,1.906,193.7706,False,NONE,False,False,0.0
322,ACT-0000323,2026-08-03T09:45:23.062496,1,C,O1,M2,F1,536,G2,S2,S2-L101,24.205,57.222,22.0,22.80776,-0.02892,6.94454,27.373,26.4087,27.0198,28.708,42.2269,26.7757,22.0606,0.0,200.5727,False,NONE,False,False,0.0
323,ACT-0000324,2026-08-03T09:46:05.687918,1,C,O2,M2,F3,197,G1,S2,S2-L101,24.936,52.578,22.0,22.32199,0.17343,6.43839,24.5674,31.9906,28.1238,29.2767,39.2979,28.3001,23.6428,0.0,205.1994,False,NONE,False,False,0.0
324,ACT-0000325,2026-08-03T09:46:47.861992,1,A,O2,M2,F3,198,G2,S2,S2-L101,22.851,55.316,18.0,18.39296,0.02988,7.20159,23.9422,32.752,25.752,25.3159,29.4316,27.8826,20.7555,3.3203,185.8318,False,NONE,False,False,0.0
325,ACT-0000326,2026-08-03T09:47:29.308029,1,B,O2,M2,F1,537,G1,S2,S2-L101,24.034,53.921,20.0,20.71303,0.15794,6.88179,21.994,31.6612,24.9273,29.2833,34.6275,32.3993,20.8345,0.0,195.7271,False,NONE,False,False,0.0
326,ACT-0000327,2026-08-03T09:48:12.525868,1,B,O2,M2,F4,367,G1,S2,S2-L101,23.975,55.723,20.0,20.28774,-0.037,6.70615,24.4906,34.3333,26.352,31.6426,37.1832,31.4923,22.7153,0.0,208.2094,False,NONE,False,False,0.0
327,ACT-0000328,2026-08-03T09:48:53.272159,1,B,O2,M2,F1,538,G2,S2,S2-L101,24.839,56.122,20.0,21.06248,-0.07563,6.39295,24.444,32.7604,26.1043,29.8155,34.2623,29.577,20.0216,0.1312,196.9852,False,NONE,False,False,0.0
328,ACT-0000329,2026-08-03T09:49:36.896516,1,A,O2,M1,F4,368,G1,S2,S2-L101,22.476,54.623,18.0,17.04699,-0.06296,6.58069,25.2818,31.9647,29.3469,30.369,30.2783,34.5156,20.6084,0.0,202.3647,False,NONE,False,False,0.0
329,ACT-0000330,2026-08-03T09:50:16.451368,1,A,O2,M2,F4,369,G1,S2,S2-L101,22.795,53.649,18.0,18.38203,-0.10148,6.38411,25.3813,31.0361,26.7329,28.8941,29.8631,30.7154,18.8349,0.0,191.4578,False,NONE,False,False,0.0
330,ACT-0000331,2026-08-03T09:51:01.991817,1,B,O2,M2,F3,199,G2,S2,S2-L101,24.13,53.919,20.0,21.37795,-0.0324,6.36997,24.4331,30.4163,26.8429,28.963,35.958,30.6778,19.2462,0.0,196.5372,True,TORQUE,False,True,215.0
331,ACT-0000332,2026-08-03T09:51:42.439622,1,C,O2,M2,F4,370,G2,S2,S2-L101,23.465,50.234,22.0,21.88808,-0.01667,6.76871,23.1961,32.9254,27.2852,29.7264,41.412,31.7834,19.0888,0.0,205.4174,False,NONE,False,False,0.0
332,ACT-0000333,2026-08-03T09:52:23.176159,1,B,O2,M2,F2,242,G2,S2,S2-L101,23.933,56.195,20.0,20.86988,0.01998,6.93229,24.5158,33.1108,27.2414,28.5542,37.9593,30.1151,20.2599,0.3865,201.7566,False,NONE,False,False,0.0
333,ACT-0000334,2026-08-03T09:53:00.573100,1,C,O2,M2,F3,200,G2,S2,S2-L101,23.265,55.216,22.0,21.89137,-0.08833,6.71136,24.5413,34.3206,28.2195,27.4331,41.3519,26.1001,21.0894,0.0,203.0561,False,NONE,False,False,0.0
334,ACT-0000335,2026-08-03T09:53:46.233309,1,A,O2,M1,F3,201,G2,S2,S2-L101,24.705,54.156,18.0,18.00862,0.05574,7.5249,22.3859,31.9651,27.9083,28.0285,27.2747,31.2303,19.5028,0.0,188.2957,False,NONE,False,False,0.0
335,ACT-0000336,2026-08-03T09:54:29.655150,1,B,O2,M1,F2,243,G2,S2,S2-L101,23.041,54.637,20.0,19.79581,-0.00551,6.74158,20.9571,29.7538,27.0428,23.325,32.2125,29.1899,21.6962,0.0,184.1774,False,NONE,False,False,0.0
336,ACT-0000337,2026-08-03T09:55:11.450724,1,C,O2,M2,F1,539,G2,S2,S2-L101,23.72,56.009,22.0,22.14488,0.03105,6.32692,21.3681,29.7271,28.8275,26.4165,39.1076,29.5285,23.654,0.0,198.6292,False,NONE,False,False,0.0
337,ACT-0000338,2026-08-03T09:55:55.506695,1,B,O2,M1,F1,540,G1,S2,S2-L101,24.107,54.384,20.0,20.05895,0.07274,7.19575,22.5372,31.7273,26.9257,28.2749,33.858,28.8113,22.4546,0.0,194.589,False,NONE,False,False,0.0
338,ACT-0000339,2026-08-03T09:56:38.959389,1,A,O2,M1,F4,371,G1,S2,S2-L101,24.361,52.938,18.0,18.4529,-0.02997,6.79954,24.0631,33.851,24.4327,28.4803,33.3149,31.3314,23.148,0.0,198.6214,False,NONE,False,False,0.0
339,ACT-0000340,2026-08-03T09:57:15.894535,1,C,O2,M2,F3,202,G1,S2,S2-L101,24.164,51.716,22.0,22.53983,-0.04091,6.4608,24.2256,31.8621,26.6026,25.0742,37.0108,32.9328,20.7413,0.0,198.4493,False,NONE,False,False,0.0
340,ACT-0000341,2026-08-03T09:58:03.813783,1,A,O3,M2,F3,203,G2,S2,S2-L101,23.025,56.471,18.0,17.40243,0.00861,6.78131,24.4576,28.5941,25.9936,25.8447,32.3852,28.3529,21.3181,0.0,186.9462,False,NONE,False,False,0.0
341,ACT-0000342,2026-08-03T09:58:43.602322,1,A,O3,M1,F4,372,G2,S2,S2-L101,24.221,57.166,18.0,18.34819,-0.00287,6.63842,23.8639,34.2168,26.4824,30.5769,28.886,29.9113,21.4875,0.0,195.4248,False,NONE,False,False,0.0
342,ACT-0000343,2026-08-03T09:59:22.698616,1,B,O3,M1,F4,373,G2,S2,S2-L101,23.814,57.935,20.0,19.91604,-0.19336,6.87408,22.8677,29.4862,25.862,28.1631,34.2075,32.8243,20.622,0.0,194.0328,False,NONE,False,False,0.0
343,ACT-0000344,2026-08-03T10:00:03.084496,1,B,O3,M1,F2,244,G2,S2,S2-L101,23.733,54.66,20.0,19.6993,0.00465,6.87298,23.3794,31.4092,27.1314,29.6274,34.0538,28.4987,19.1298,0.0,193.2297,False,NONE,False,False,0.0
344,ACT-0000345,2026-08-03T10:00:46.742008,1,C,O3,M2,F4,374,G2,S2,S2-L101,24.237,53.777,22.0,23.16913,0.05693,7.0117,25.4539,30.9099,23.4346,26.323,44.3258,28.6418,20.2946,0.0,199.3835,False,NONE,False,False,0.0
345,ACT-0000346,2026-08-03T10:01:31.889037,1,A,O3,M2,F4,375,G2,S2,S2-L101,24.602,56.454,18.0,18.04456,0.03361,6.88863,24.7053,30.2372,27.7239,27.3239,33.2781,31.0621,21.8244,0.0,196.1548,False,NONE,False,False,0.0
346,ACT-0000347,2026-08-03T10:02:10.487909,1,B,O3,M2,F3,204,G2,S2,S2-L101,24.645,51.47,20.0,20.55583,0.0124,6.29983,23.4345,29.3122,25.5342,26.3996,37.934,29.7319,21.2999,0.0,193.6464,False,NONE,False,False,0.0
347,ACT-0000348,2026-08-03T10:02:52.962777,1,A,O3,M1,F4,376,G1,S2,S2-L101,23.605,51.51,18.0,18.0234,-0.02904,6.44042,25.7144,30.5023,26.7727,28.0654,31.4685,26.5234,21.3724,0.0,190.4191,False,NONE,False,False,0.0
348,ACT-0000349,2026-08-03T10:03:39.414513,1,A,O3,M1,F4,377,G1,S2,S2-L101,25.021,56.533,18.0,17.72744,-0.10054,6.59902,23.1865,32.4218,26.4534,29.1489,32.384,28.406,20.8024,0.0,192.8029,False,NONE,False,False,0.0
349,ACT-0000350,2026-08-03T10:04:22.697619,1,B,O3,M1,F4,378,G2,S2,S2-L101,24.977,54.812,20.0,21.00459,-0.01675,6.58431,25.896,30.7689,27.6466,31.1091,38.4644,29.804,23.7493,0.0,207.4383,False,NONE,False,False,0.0
350,ACT-0000351,2026-08-03T10:05:00.526940,1,A,O3,M2,F2,245,G2,S2,S2-L101,24.048,56.164,18.0,18.37162,-0.041,6.94657,25.6661,31.253,26.4112,28.6197,32.2271,27.612,22.0547,4.1057,193.8438,False,NONE,False,False,0.0
351,ACT-0000352,2026-08-03T10:05:43.839488,1,A,O3,M1,F2,246,G2,S2,S2-L101,23.84,54.335,18.0,19.00777,0.03617,7.20525,25.7835,30.4257,26.4858,28.2082,36.0286,31.3752,20.8719,0.0,199.1788,False,NONE,False,False,0.0
352,ACT-0000353,2026-08-03T10:06:25.503913,1,B,O3,M2,F2,247,G1,S2,S2-L101,24.532,56.719,20.0,20.38902,-0.04254,6.51866,23.371,27.9326,26.9191,31.8681,31.6255,26.9585,18.5799,0.0,187.2547,False,NONE,False,False,0.0
353,ACT-0000354,2026-08-03T10:07:05.581024,1,B,O3,M1,F4,379,G2,S2,S2-L101,23.758,56.326,20.0,20.40657,-0.02476,6.57982,24.0049,32.0039,28.6776,28.3903,32.7029,29.4694,21.2964,0.0,196.5454,False,NONE,False,False,0.0
354,ACT-0000355,2026-08-03T10:07:50.074819,1,B,O3,M1,F4,380,G2,S2,S2-L101,23.632,56.494,20.0,19.84138,-0.03773,6.52426,23.9307,30.2332,27.7069,31.6253,35.2036,30.1318,19.2575,0.0,198.0891,False,NONE,False,False,0.0
355,ACT-0000356,2026-08-03T10:08:29.669317,1,C,O3,M2,F2,248,G2,S2,S2-L101,23.853,55.096,22.0,21.89773,0.02231,6.65627,24.8157,31.8823,26.0921,28.998,41.3607,32.5367,20.2626,0.0,205.948,False,NONE,False,False,0.0
356,ACT-0000357,2026-08-03T10:09:09.600121,1,A,O3,M1,F1,541,G2,S2,S2-L101,25.198,52.945,18.0,17.86537,0.11584,6.72056,23.2006,28.8845,25.7019,26.0038,34.0265,30.0214,20.2224,9.4271,188.0611,False,NONE,False,False,0.0
357,ACT-0000358,2026-08-03T10:09:51.433624,1,C,O1,M2,F3,205,G2,S2,S2-L101,24.093,57.506,22.0,22.46568,-0.03939,6.5812,24.6937,32.1212,27.0317,30.809,41.537,32.6642,21.2998,0.0,210.1565,False,NONE,False,False,0.0
358,ACT-0000359,2026-08-03T10:10:38.080304,1,A,O1,M1,F2,249,G1,S2,S2-L101,24.148,54.156,18.0,17.88741,0.02001,6.79299,21.048,31.6919,26.0571,25.027,32.8014,31.5183,19.1372,5.7217,187.2809,False,NONE,False,False,0.0
359,ACT-0000360,2026-08-03T10:11:16.541086,1,A,O1,M1,F4,381,G2,S2,S2-L101,24.186,53.736,18.0,17.97134,0.02052,6.85277,24.274,32.6087,26.2195,28.2889,34.5538,32.2734,21.6981,0.0,199.9165,False,NONE,False,False,0.0
360,ACT-0000361,2026-08-03T10:11:58.442580,1,A,O1,M2,F1,542,G1,S3,S3-L102,24.078,56.78,18.0,18.17398,-0.0828,6.49572,22.8448,28.9211,28.7683,29.3127,31.2182,29.5865,22.8203,0.0,193.4719,False,NONE,False,False,0.0
361,ACT-0000362,2026-08-03T10:12:42.243855,1,B,O1,M1,F2,250,G2,S3,S3-L102,23.867,56.247,20.0,19.8411,-0.0104,6.81518,22.0894,30.796,25.7685,30.6459,33.861,29.7633,19.458,0.0,192.3821,False,NONE,False,False,0.0
362,ACT-0000363,2026-08-03T10:13:24.517628,1,A,O1,M1,F1,543,G1,S3,S3-L102,24.344,58.106,18.0,18.30293,-0.02576,6.24098,24.7775,31.4603,24.7479,29.3718,29.1133,30.5153,21.8925,0.0,191.8787,False,NONE,False,False,0.0
363,ACT-0000364,2026-08-03T10:14:03.928460,1,A,O1,M2,F3,206,G2,S3,S3-L102,24.589,56.273,18.0,18.47381,0.01699,6.71722,23.3148,30.5929,23.3502,27.7168,34.7474,30.2918,21.7082,0.0,191.7221,False,NONE,False,False,0.0
364,ACT-0000365,2026-08-03T10:14:49.895000,1,A,O1,M1,F1,544,G1,S3,S3-L102,24.248,54.046,18.0,17.41365,0.03811,6.52118,24.7731,33.0417,25.4399,27.9151,34.063,30.1493,21.2169,0.0,196.5989,False,NONE,False,False,0.0
365,ACT-0000366,2026-08-03T10:15:32.422092,1,A,O1,M2,F2,251,G1,S3,S3-L102,23.281,53.632,18.0,18.216,0.00208,6.81774,22.9934,29.7289,26.8188,28.2229,32.7529,29.4129,21.5273,0.0,191.4572,False,NONE,False,False,0.0
366,ACT-0000367,2026-08-03T10:16:14.291271,1,B,O1,M2,F3,207,G1,S3,S3-L102,25.12,52.72,20.0,20.19814,-0.07179,6.59107,24.6742,28.7446,26.8978,26.4349,35.234,30.6309,19.0046,0.0,191.621,False,NONE,False,False,0.0
367,ACT-0000368,2026-08-03T10:16:53.091225,1,A,O1,M2,F3,208,G2,S3,S3-L102,24.088,55.678,18.0,18.14987,0.06022,6.63664,24.4828,28.6103,27.8375,32.2638,30.6599,30.3576,21.2382,0.0,195.4502,False,NONE,False,False,0.0
368,ACT-0000369,2026-08-03T10:17:38.063304,1,A,O1,M2,F2,252,G2,S3,S3-L102,24.036,53.959,18.0,18.68852,0.05976,6.41498,24.6637,28.4099,28.4525,28.3599,33.7202,30.5157,21.7617,0.0,195.8836,False,NONE,False,False,0.0
369,ACT-0000370,2026-08-03T10:18:16.847064,1,A,O1,M2,F1,545,G1,S3,S3-L102,23.915,54.901,18.0,19.01815,0.00217,7.01064,23.5712,29.7516,25.5599,23.5947,35.2079,29.9724,20.8371,2.3451,188.4947,False,NONE,False,False,0.0
370,ACT-0000371,2026-08-03T10:18:55.595612,1,A,O1,M2,F3,209,G2,S3,S3-L102,24.45,52.262,18.0,18.54146,-0.0658,6.63912,25.0715,31.4096,29.4437,27.1037,32.3698,30.6226,19.1049,0.0,195.1258,False,NONE,False,False,0.0
371,ACT-0000372,2026-08-03T10:19:41.617614,1,B,O1,M1,F3,210,G2,S3,S3-L102,23.741,54.622,20.0,19.96066,-0.09529,6.92714,23.6762,31.2229,26.9278,30.1204,31.3015,29.0801,22.0172,0.0,194.3462,False,NONE,False,False,0.0
372,ACT-0000373,2026-08-03T10:20:23.201689,1,B,O1,M2,F3,211,G1,S3,S3-L102,23.838,53.744,20.0,21.44303,0.006,7.07204,22.8247,30.2399,24.3413,31.6375,36.9116,30.6355,19.9815,0.0,196.5719,True,TORQUE,False,True,215.0
373,ACT-0000374,2026-08-03T10:21:06.281865,1,B,O1,M1,F3,212,G1,S3,S3-L102,24.914,55.736,20.0,20.12579,0.12874,6.57066,23.7972,32.2141,26.6956,28.4879,37.3754,30.7046,22.0797,0.0,201.3545,False,NONE,False,False,0.0
374,ACT-0000375,2026-08-03T10:21:51.495235,1,A,O2,M1,F2,253,G1,S3,S3-L102,23.759,53.65,18.0,18.32506,0.13648,6.99123,23.6245,29.1269,24.2062,26.7111,30.0656,28.9814,20.6309,0.0,183.3465,False,NONE,False,False,0.0
375,ACT-0000376,2026-08-03T10:22:28.527230,1,A,O2,M2,F2,254,G1,S3,S3-L102,24.717,51.715,18.0,18.84857,0.00221,6.57661,25.0308,32.3736,26.3315,30.5547,29.1563,27.619,22.3597,0.0,193.4256,False,NONE,False,False,0.0
376,ACT-0000377,2026-08-03T10:23:13.215777,1,A,O2,M2,F4,382,G2,S3,S3-L102,23.926,55.204,18.0,18.20602,-0.00973,6.5765,23.2397,29.9791,28.9876,27.7608,31.7682,28.8624,17.3953,0.0,187.9931,False,NONE,False,False,0.0
377,ACT-0000378,2026-08-03T10:23:54.255552,1,B,O2,M1,F3,213,G1,S3,S3-L102,23.44,54.008,20.0,20.13158,-0.00408,6.70102,23.338,29.3054,26.1677,30.3396,35.1995,30.4302,20.9931,0.0,195.7734,False,NONE,False,False,0.0
378,ACT-0000379,2026-08-03T10:24:39.142937,1,A,O2,M2,F4,383,G2,S3,S3-L102,25.036,55.131,18.0,19.77921,-0.00236,7.18579,24.0688,30.4225,28.7666,28.5039,32.4887,30.2117,19.269,0.0,193.7312,True,TORQUE,True,False,46.0
379,ACT-0000380,2026-08-03T10:25:17.122066,1,A,O2,M2,F2,255,G1,S3,S3-L102,24.713,55.95,18.0,18.12702,-0.09281,6.4225,26.2702,31.086,27.3664,25.3544,30.9999,30.8633,22.0149,0.0,193.9551,False,NONE,False,False,0.0
380,ACT-0000381,2026-08-03T10:26:01.136890,1,C,O2,M1,F3,214,G1,S3,S3-L102,24.662,53.808,22.0,21.3694,0.01079,6.61901,23.1828,33.1485,24.5445,26.3734,37.9953,31.0682,21.0603,0.0,197.3729,False,NONE,False,False,0.0
381,ACT-0000382,2026-08-03T10:26:42.940465,1,A,O2,M2,F1,546,G2,S3,S3-L102,24.811,54.121,18.0,19.62791,0.02608,6.53355,25.1951,25.7984,27.0121,28.3414,28.6951,31.8907,20.2963,0.0,187.2291,True,TORQUE,True,False,46.0
382,ACT-0000383,2026-08-03T10:27:25.466414,1,B,O2,M1,F4,384,G2,S3,S3-L102,24.713,55.527,20.0,19.47671,0.0818,6.09944,24.3221,29.0647,27.5605,28.903,32.5185,29.9241,20.8187,0.0,193.1115,False,NONE,False,False,0.0
383,ACT-0000384,2026-08-03T10:28:09.343756,1,A,O2,M2,F2,256,G1,S3,S3-L102,24.572,53.46,18.0,18.46014,0.02572,7.01326,21.3984,28.6201,26.9106,27.5793,31.5151,32.3332,21.0923,0.0,189.449,False,NONE,False,False,0.0
384,ACT-0000385,2026-08-03T10:28:45.579099,1,C,O2,M1,F3,215,G2,S3,S3-L102,24.252,55.085,22.0,22.2418,0.11798,7.13232,25.1168,29.5153,27.8489,31.0553,42.5648,30.758,21.362,0.0,208.2212,False,NONE,False,False,0.0
385,ACT-0000386,2026-08-03T10:29:29.812177,1,C,O2,M2,F2,257,G1,S3,S3-L102,23.6,51.856,22.0,22.43464,0.06541,7.09143,24.822,31.009,28.2173,26.8523,41.089,29.6061,22.9948,0.9675,204.5905,False,NONE,False,False,0.0
386,ACT-0000387,2026-08-03T10:30:16.699607,1,A,O2,M2,F2,258,G2,S3,S3-L102,25.186,51.482,18.0,18.41679,0.03855,6.72747,26.4894,32.8537,26.4278,30.8821,30.8717,29.6656,20.2787,0.0,197.469,False,NONE,False,False,0.0
387,ACT-0000388,2026-08-03T10:30:55.166327,1,A,O2,M1,F4,385,G2,S3,S3-L102,24.888,55.59,18.0,18.19019,0.01796,7.00779,26.7984,29.178,28.4106,28.7158,29.2575,30.155,19.9935,0.0,192.5088,False,NONE,False,False,0.0
388,ACT-0000389,2026-08-03T10:31:34.919732,1,A,O2,M2,F1,547,G1,S3,S3-L102,24.694,55.875,18.0,19.17806,-0.00227,6.65311,22.1923,33.4901,25.9209,29.0203,32.5082,30.9,19.4958,0.0,193.5276,False,NONE,False,False,0.0
389,ACT-0000390,2026-08-03T10:32:16.620694,1,B,O2,M2,F3,216,G1,S3,S3-L102,23.74,53.768,20.0,21.54748,0.05399,6.27917,22.5967,32.358,28.4591,27.8763,35.8258,31.604,21.4237,0.0,200.1435,True,TORQUE,True,False,46.0
390,ACT-0000391,2026-08-03T10:32:58.660605,1,C,O2,M2,F4,386,G2,S3,S3-L102,24.529,49.275,22.0,22.43673,0.00592,6.19858,26.122,30.9391,26.84,29.9103,42.4331,32.3338,22.1385,0.0,210.7167,False,NONE,False,False,0.0
391,ACT-0000392,2026-08-03T10:33:40.193566,1,A,O3,M1,F4,387,G2,S3,S3-L102,24.8,54.214,18.0,17.68474,0.04357,6.81827,24.8598,30.9984,24.2971,30.6253,37.1176,31.2308,20.101,3.9309,199.23,False,NONE,False,False,0.0
392,ACT-0000393,2026-08-03T10:34:24.821546,1,B,O3,M1,F4,388,G2,S3,S3-L102,24.389,54.29,20.0,20.05258,0.01774,6.7784,24.062,33.4235,26.3898,29.1137,34.4044,30.7079,22.9852,0.0,201.0866,False,NONE,False,False,0.0
393,ACT-0000394,2026-08-03T10:35:04.279226,1,C,O3,M2,F4,389,G2,S3,S3-L102,25.005,52.316,22.0,22.60669,-0.04371,6.47638,21.2445,28.025,28.8794,26.9321,44.8521,30.0647,19.2104,2.8549,199.208,False,NONE,False,False,0.0
394,ACT-0000395,2026-08-03T10:35:50.198124,1,C,O3,M2,F4,390,G2,S3,S3-L102,25.419,52.719,22.0,22.74659,-0.00189,6.56245,24.037,32.4047,26.5328,26.8367,36.3646,32.6432,20.6422,0.0,199.4612,False,NONE,False,False,0.0
395,ACT-0000396,2026-08-03T10:36:29.361772,1,A,O3,M2,F1,548,G2,S3,S3-L102,24.192,58.127,18.0,17.99886,-0.07005,6.93745,23.3686,27.6548,28.8549,27.0383,31.8986,29.59,20.507,0.0955,188.9123,False,NONE,False,False,0.0
396,ACT-0000397,2026-08-03T10:37:12.011131,1,C,O3,M2,F4,391,G2,S3,S3-L102,25.167,53.044,22.0,22.78039,-0.04999,7.0338,23.9866,32.3676,26.4304,28.0377,41.3013,29.5297,19.3216,0.0,200.9748,False,NONE,False,False,0.0
397,ACT-0000398,2026-08-03T10:37:56.843282,1,B,O3,M1,F4,392,G2,S3,S3-L102,24.324,56.874,20.0,19.98213,-0.11062,6.1957,21.8906,29.201,28.4411,26.0937,33.4319,30.4214,20.2332,1.6649,189.7128,False,NONE,False,False,0.0
398,ACT-0000399,2026-08-03T10:38:36.640238,1,A,O3,M1,F2,259,G2,S3,S3-L102,24.735,54.846,18.0,17.43943,0.0584,7.15657,25.2161,28.4015,28.1766,30.0937,27.7223,31.7083,22.2157,0.0,193.5342,False,NONE,False,False,0.0
399,ACT-0000400,2026-08-03T10:39:17.200761,1,A,O3,M1,F3,217,G2,S3,S3-L102,24.446,54.842,18.0,17.61622,-0.03714,6.93961,22.0491,29.8083,26.257,29.8173,31.9402,32.5832,20.9642,0.0,193.4192,False,NONE,False,False,0.0
400,ACT-0000401,2026-08-03T10:39:56.278045,1,A,O3,M1,F4,393,G2,S3,S3-L102,24.736,55.416,18.0,18.62735,0.10445,6.34797,22.9398,32.709,25.1247,28.1103,35.3607,30.8281,20.6442,0.0,195.7168,False,NONE,False,False,0.0
401,ACT-0000402,2026-08-03T10:40:43.977800,1,A,O3,M2,F3,218,G2,S3,S3-L102,24.678,56.468,18.0,18.28938,0.05377,7.51346,24.6785,27.6968,30.2693,30.2424,31.067,32.2685,19.8963,0.0,196.1189,False,NONE,False,False,0.0
402,ACT-0000403,2026-08-03T10:41:22.993393,1,A,O3,M1,F2,260,G1,S3,S3-L102,24.605,53.276,18.0,17.04591,0.01504,6.58249,21.7269,32.4473,27.5965,28.6785,33.1923,29.8322,24.0621,0.0,197.5358,False,NONE,False,False,0.0
403,ACT-0000404,2026-08-03T10:42:07.814386,1,B,O3,M2,F2,261,G1,S3,S3-L102,25.019,53.838,20.0,20.54877,-0.06881,7.12795,22.1429,31.5914,24.0737,28.2498,33.6349,29.0978,20.093,0.0,188.8836,False,NONE,False,False,0.0
404,ACT-0000405,2026-08-03T10:42:48.605533,1,A,O3,M1,F2,262,G2,S3,S3-L102,24.785,53.009,18.0,17.86401,0.09744,6.45067,24.6957,31.5009,27.3146,31.3876,30.1475,31.2016,22.9401,0.0,199.1882,False,NONE,False,False,0.0
405,ACT-0000406,2026-08-03T10:43:32.529237,1,B,O3,M1,F4,394,G1,S3,S3-L102,24.724,53.507,20.0,20.06559,-0.0607,6.63969,24.0481,30.8106,27.3859,26.9338,33.6122,31.0825,21.4664,0.0,195.3395,False,NONE,False,False,0.0
406,ACT-0000407,2026-08-03T10:44:12.016214,1,A,O3,M1,F4,395,G2,S3,S3-L102,24.414,56.353,18.0,18.34829,-0.02522,6.82869,25.5712,32.2634,28.3277,27.6492,35.8954,32.2521,20.9683,0.0,202.9272,False,NONE,False,False,0.0
407,ACT-0000408,2026-08-03T10:44:50.954505,1,B,O3,M1,F4,396,G1,S3,S3-L102,24.598,55.908,20.0,19.86607,0.08101,6.78202,26.1018,29.0993,27.883,28.8452,38.0351,30.9434,22.0902,0.0,202.998,False,NONE,False,False,0.0
408,ACT-0000409,2026-08-03T10:45:38.825536,1,C,O1,M2,F2,263,G1,S3,S3-L102,24.381,52.319,22.0,22.06656,-0.04632,6.21317,25.2602,33.715,25.9411,31.5678,35.5168,32.9332,21.0144,0.0,205.9485,False,NONE,False,False,0.0
409,ACT-0000410,2026-08-03T10:46:19.586958,1,B,O1,M1,F4,397,G2,S3,S3-L102,24.338,51.919,20.0,20.19642,-0.00573,6.80727,25.263,30.6758,29.6751,31.2288,36.5252,32.379,20.2543,0.0,206.0011,False,NONE,False,False,0.0
410,ACT-0000411,2026-08-03T10:47:03.480062,1,A,O1,M2,F3,219,G2,S3,S3-L102,23.765,50.696,18.0,19.62744,0.01988,6.4058,23.6492,32.1372,25.6301,29.1533,32.1906,29.0442,20.9428,0.0,192.7474,True,TORQUE,True,False,46.0
411,ACT-0000412,2026-08-03T10:47:39.639407,1,A,O1,M1,F3,220,G2,S3,S3-L102,25.306,52.995,18.0,18.61041,-0.03574,6.48642,25.3797,33.2983,25.1528,27.9292,35.5673,31.5945,20.6175,0.0,199.5392,False,NONE,False,False,0.0
412,ACT-0000413,2026-08-03T10:48:23.666130,1,A,O1,M1,F2,264,G1,S3,S3-L102,24.916,52.564,18.0,17.7823,-0.01358,7.62285,23.3677,31.8415,26.6687,26.5754,32.0403,29.0966,19.724,0.0,189.3143,False,NONE,False,False,0.0
413,ACT-0000414,2026-08-03T10:49:06.237082,1,A,O1,M2,F1,549,G2,S3,S3-L102,24.769,53.407,18.0,19.40499,0.07596,6.49933,25.9292,30.4372,28.333,27.6878,32.1184,30.6441,21.7388,0.0,196.8885,True,TORQUE,False,True,215.0
414,ACT-0000415,2026-08-03T10:49:45.967585,1,A,O1,M1,F4,398,G2,S3,S3-L102,25.203,52.921,18.0,17.01977,-0.05236,7.2547,23.9918,31.1135,25.9912,27.829,35.9111,28.2354,22.3449,0.0,195.417,False,NONE,False,False,0.0
415,ACT-0000416,2026-08-03T10:50:29.388533,1,C,O1,M2,F4,399,G1,S3,S3-L102,24.252,55.418,22.0,23.12942,-0.01018,7.4042,24.9135,32.7654,27.906,29.4665,41.0151,29.0433,21.0531,0.0,206.1628,False,NONE,False,False,0.0
416,ACT-0000417,2026-08-03T10:51:11.207328,1,A,O1,M2,F3,221,G2,S3,S3-L102,24.401,55.149,18.0,18.37056,-0.02603,7.83799,26.7357,31.1291,26.8177,28.2527,31.7763,30.8628,20.0888,1.3125,195.6631,False,NONE,False,False,0.0
417,ACT-0000418,2026-08-03T10:51:54.853804,1,A,O1,M2,F2,265,G2,S3,S3-L102,25.205,54.767,18.0,18.88109,-0.10559,7.10274,21.8522,31.4141,26.2991,31.7302,31.1049,31.064,21.7554,0.0,195.2198,False,NONE,False,False,0.0
418,ACT-0000419,2026-08-03T10:52:39.026466,1,A,O1,M2,F3,222,G1,S3,S3-L102,24.817,51.654,18.0,18.11299,0.00563,6.81042,24.2767,27.6119,28.1188,28.9566,32.5481,29.0089,20.4314,0.0,190.9524,False,NONE,False,False,0.0
419,ACT-0000420,2026-08-03T10:53:14.490830,1,B,O1,M1,F2,266,G1,S3,S3-L102,24.791,54.201,20.0,20.22296,0.16584,6.91281,25.2815,31.5488,26.2695,31.1187,35.2213,31.4835,19.6325,0.0,200.5558,False,NONE,False,False,0.0
420,ACT-0000421,2026-08-03T10:54:00.311327,1,B,O1,M1,F3,223,G2,S3,S3-L102,23.9,56.74,20.0,19.62077,0.01601,6.80577,23.5293,32.2583,26.618,31.1395,33.5473,30.5292,19.9596,0.0,197.5811,False,NONE,False,False,0.0
421,ACT-0000422,2026-08-03T10:54:42.098729,1,A,O1,M1,F1,550,G2,S3,S3-L102,24.128,55.897,18.0,17.35835,-0.0073,6.73286,24.5343,31.4213,25.6163,27.4262,36.8784,31.1056,22.5892,0.0,199.5714,False,NONE,False,False,0.0
422,ACT-0000423,2026-08-03T10:55:21.544218,1,A,O1,M1,F4,400,G1,S3,S3-L102,25.491,52.079,18.0,18.2444,-0.01555,6.84372,22.1873,32.3217,28.9471,27.3047,33.3974,28.2586,20.3669,0.0,192.7837,False,NONE,False,False,0.0
423,ACT-0000424,2026-08-03T10:56:07.563280,1,B,O1,M2,F1,551,G1,S3,S3-L102,24.12,53.311,20.0,20.71595,0.09504,6.81118,23.8718,32.091,26.834,29.7355,32.7442,28.0604,20.7191,0.0,194.056,False,NONE,False,False,0.0
424,ACT-0000425,2026-08-03T10:56:49.912413,1,B,O1,M2,F4,401,G2,S3,S3-L102,25.062,53.069,20.0,20.46648,-0.01649,6.45831,23.8122,29.7028,27.7474,27.9304,34.8772,30.8254,21.2326,0.0,196.1281,False,NONE,False,False,0.0
425,ACT-0000426,2026-08-03T10:57:32.436977,1,A,O2,M2,F2,267,G1,S3,S3-L102,24.678,56.507,18.0,18.50873,-0.02732,6.85728,23.2225,33.3094,28.1598,26.5689,31.0639,28.0971,21.8649,0.0,192.2865,False,NONE,False,False,0.0
426,ACT-0000427,2026-08-03T10:58:11.689586,1,C,O2,M2,F3,224,G2,S3,S3-L102,24.979,55.346,22.0,21.33106,0.16206,6.5626,22.5822,32.6774,28.4421,27.351,35.802,29.0446,21.1676,0.0,197.067,False,NONE,False,False,0.0
427,ACT-0000428,2026-08-03T10:58:55.555700,1,B,O2,M1,F4,402,G2,S3,S3-L102,24.92,56.149,20.0,20.67165,-0.07059,7.01425,24.5745,32.8358,26.7243,26.7156,36.2415,30.1298,21.5072,0.0,198.7286,False,NONE,False,False,0.0
428,ACT-0000429,2026-08-03T10:59:37.799506,1,B,O2,M1,F1,552,G1,S3,S3-L102,24.284,53.909,20.0,19.52717,-0.03604,6.60598,25.0525,31.9842,27.189,29.168,37.3772,26.6284,22.3359,0.0,199.7352,False,NONE,False,False,0.0
429,ACT-0000430,2026-08-03T11:00:20.531908,1,A,O2,M1,F1,553,G1,S3,S3-L102,23.854,51.929,18.0,18.01595,0.04051,6.97907,23.4683,32.8216,27.0723,30.996,31.7368,32.0543,21.3455,0.0,199.4947,False,NONE,False,False,0.0
430,ACT-0000431,2026-08-03T11:01:00.080199,1,B,O2,M2,F1,554,G1,S3,S3-L102,25.234,52.887,20.0,21.40632,-0.00456,6.42849,22.0718,32.6167,25.9986,30.1355,34.9132,31.2926,20.7461,0.0,197.7746,True,TORQUE,True,False,46.0
431,ACT-0000432,2026-08-03T11:01:41.050397,1,C,O2,M1,F1,555,G1,S3,S3-L102,25.3,51.224,22.0,22.32572,0.00563,6.88231,23.2334,31.9612,26.1671,27.4691,40.0108,29.6526,23.5055,0.0,201.9997,False,NONE,False,False,0.0
432,ACT-0000433,2026-08-03T11:02:25.062205,1,C,O2,M1,F2,268,G2,S3,S3-L102,23.933,54.13,22.0,22.31444,0.04243,5.67912,24.9359,31.9256,28.0348,30.8957,42.9448,28.8422,22.0779,0.0,209.6569,True,ADHESIVE,True,False,46.0
433,ACT-0000434,2026-08-03T11:03:08.674507,1,B,O2,M1,F2,269,G2,S3,S3-L102,24.739,50.757,20.0,19.51209,0.01728,6.46893,23.327,28.6856,25.9266,28.9732,31.7275,30.0116,21.0871,8.2121,189.7386,False,NONE,False,False,0.0
434,ACT-0000435,2026-08-03T11:03:48.371786,1,B,O2,M1,F2,270,G1,S3,S3-L102,24.87,54.384,20.0,20.49008,-0.01365,6.28422,22.5625,32.6193,26.3508,29.2778,36.4525,29.9844,20.4233,0.0,197.6707,False,NONE,False,False,0.0
435,ACT-0000436,2026-08-03T11:04:29.628654,1,B,O2,M2,F4,403,G1,S3,S3-L102,24.594,51.866,20.0,21.44054,-0.0864,6.94762,25.5161,32.03,27.3296,28.1634,36.4272,32.4804,20.9787,0.0,202.9254,True,TORQUE,True,False,46.0
436,ACT-0000437,2026-08-03T11:05:08.902869,1,A,O2,M2,F3,225,G1,S3,S3-L102,24.817,53.861,18.0,18.86335,0.0132,6.67679,21.5604,27.9767,26.0677,30.6453,30.8974,29.5624,19.8268,3.942,186.5367,False,NONE,False,False,0.0
437,ACT-0000438,2026-08-03T11:05:56.972820,1,B,O2,M1,F2,271,G2,S3,S3-L102,26.13,51.671,20.0,19.94524,-0.04031,7.16954,22.6439,30.0552,28.9626,29.4466,33.8852,30.7828,19.4267,0.0,195.203,False,NONE,False,False,0.0
438,ACT-0000439,2026-08-03T11:06:36.326062,1,A,O2,M1,F3,226,G1,S3,S3-L102,25.153,52.175,18.0,18.47494,0.05549,6.78809,23.3992,32.3224,27.2375,31.0353,31.6382,27.3147,20.2042,0.0,193.1515,False,NONE,False,False,0.0
439,ACT-0000440,2026-08-03T11:07:19.667218,1,C,O2,M2,F1,556,G2,S3,S3-L102,25.049,50.914,22.0,22.71209,-0.01882,7.03879,22.4413,30.9547,27.051,28.6551,40.7799,28.1996,21.2166,0.0,199.2983,False,NONE,False,False,0.0
440,ACT-0000441,2026-08-03T11:07:59.594599,1,A,O2,M1,F4,404,G1,S3,S3-L102,25.303,52.203,18.0,18.76775,0.04001,7.07722,25.8062,30.8867,24.4863,28.6021,31.0367,30.2836,20.5903,0.1733,191.6918,False,NONE,False,False,0.0
441,ACT-0000442,2026-08-03T11:08:44.703832,1,C,O2,M2,F1,557,G1,S3,S3-L102,25.122,55.256,22.0,22.81917,0.02032,6.49245,22.7921,33.9171,26.4979,29.6054,40.5556,28.5004,23.4804,0.0,205.3489,False,NONE,False,False,0.0
442,ACT-0000443,2026-08-03T11:09:24.856152,1,A,O3,M1,F4,405,G2,S3,S3-L102,25.316,52.463,18.0,17.93586,0.05757,7.5053,25.2027,34.271,27.7237,26.4442,34.2077,30.7523,20.6981,0.0,199.2995,False,NONE,False,False,0.0
443,ACT-0000444,2026-08-03T11:10:03.415405,1,C,O3,M2,F4,406,G2,S3,S3-L102,25.733,56.97,22.0,24.19494,-0.1315,6.74202,24.3514,31.664,25.6285,30.458,41.0351,29.0685,22.2083,0.0,204.4137,True,TORQUE,True,False,46.0
444,ACT-0000445,2026-08-03T11:10:45.885495,1,A,O3,M1,F4,407,G1,S3,S3-L102,25.064,53.393,18.0,17.97994,0.07161,6.52291,23.2766,30.2811,26.9599,28.2152,29.6877,30.583,21.6142,1.934,190.6177,False,NONE,False,False,0.0
445,ACT-0000446,2026-08-03T11:11:29.643586,1,A,O3,M1,F4,408,G2,S3,S3-L102,25.335,47.126,18.0,18.34067,-0.00303,7.32629,24.3268,31.8429,26.9083,29.6512,33.4763,28.7117,20.2981,0.0,195.2151,False,NONE,False,False,0.0
446,ACT-0000447,2026-08-03T11:12:12.670957,1,C,O3,M2,F4,409,G2,S3,S3-L102,24.465,55.276,22.0,23.18905,0.01763,6.3085,22.8332,30.4056,25.6195,31.783,40.2617,29.4558,20.7336,0.0,201.0923,False,NONE,False,False,0.0
447,ACT-0000448,2026-08-03T11:12:52.635050,1,A,O3,M1,F3,227,G1,S3,S3-L102,24.313,56.158,18.0,17.71617,-0.10785,6.75679,26.1061,35.074,26.7373,30.4119,29.8721,28.6064,19.837,0.0,196.6449,False,NONE,False,False,0.0
448,ACT-0000449,2026-08-03T11:13:39.223117,1,A,O3,M2,F2,272,G1,S3,S3-L102,25.19,49.57,18.0,19.5791,0.15494,6.722,21.345,30.9551,26.3273,26.8083,30.1014,30.463,20.1349,0.0,186.1349,True,TORQUE,True,False,46.0
449,ACT-0000450,2026-08-03T11:14:20.002773,1,B,O3,M1,F4,410,G2,S3,S3-L102,24.682,52.94,20.0,19.93426,-0.06731,6.10025,23.619,33.3215,29.6107,27.5743,38.8012,29.913,22.3294,0.0,205.1689,False,NONE,False,False,0.0
450,ACT-0000451,2026-08-03T11:15:01.758183,1,B,O3,M2,F4,411,G1,S3,S3-L102,24.564,50.611,20.0,20.2508,0.00713,6.94058,25.7135,32.5085,26.5781,29.4835,32.743,31.9884,20.0919,0.0,199.1068,False,NONE,False,False,0.0
451,ACT-0000452,2026-08-03T11:15:42.433477,1,C,O3,M2,F3,228,G2,S3,S3-L102,24.467,50.822,22.0,23.59015,0.12121,6.40508,24.6371,27.8369,24.5755,28.6882,39.3965,30.9193,19.8991,0.6135,195.9527,True,TORQUE,True,False,46.0
452,ACT-0000453,2026-08-03T11:16:23.070777,1,A,O3,M1,F4,412,G2,S3,S3-L102,25.553,54.379,18.0,17.87384,0.02785,7.09766,24.4942,29.0837,25.2368,26.9464,33.4886,28.0666,20.9059,0.0,188.2221,False,NONE,False,False,0.0
453,ACT-0000454,2026-08-03T11:17:08.532452,1,C,O3,M2,F4,413,G2,S3,S3-L102,25.962,52.542,22.0,23.24083,0.04427,5.81915,20.2391,29.0375,25.0743,29.9002,43.216,30.1912,21.7463,0.0,199.4046,True,ADHESIVE,False,True,215.0
454,ACT-0000455,2026-08-03T11:17:47.461984,1,A,O3,M1,F4,414,G2,S3,S3-L102,24.042,53.234,18.0,19.27448,0.00962,6.95046,23.7017,31.8353,27.9004,29.2703,32.6985,32.0411,18.8869,0.0,196.3342,False,NONE,False,False,0.0
455,ACT-0000456,2026-08-03T11:18:30.240476,1,B,O3,M2,F4,415,G1,S3,S3-L102,25.281,52.757,20.0,21.30257,0.04691,6.59627,22.9977,28.9693,27.4538,28.3701,33.9328,31.2711,22.5627,0.0,195.5575,False,NONE,False,False,0.0
456,ACT-0000457,2026-08-03T11:19:11.913530,1,A,O3,M1,F3,229,G1,S3,S3-L102,24.508,50.683,18.0,18.08888,-0.09396,6.81605,24.3551,31.5443,26.7228,28.2254,31.8104,31.0878,22.5182,0.0,196.264,False,NONE,False,False,0.0
457,ACT-0000458,2026-08-03T11:19:55.714371,1,B,O3,M2,F4,416,G2,S3,S3-L102,25.42,51.479,20.0,21.64336,0.05534,6.43238,23.5846,31.7475,29.2854,27.4154,35.9267,28.9196,20.4767,0.0,197.3559,True,TORQUE,True,False,46.0
458,ACT-0000459,2026-08-03T11:20:37.533578,1,A,O3,M1,F4,417,G2,S3,S3-L102,25.397,52.424,18.0,17.38215,0.04564,6.56607,21.2963,30.7481,27.2931,29.6002,33.5331,30.3946,19.9488,0.0,192.8143,False,NONE,False,False,0.0
459,ACT-0000460,2026-08-03T11:21:20.626134,1,A,O1,M1,F3,230,G1,S3,S3-L102,25.421,52.014,18.0,17.86252,-0.02917,6.97466,23.5079,29.3255,25.9149,30.0276,32.9338,27.336,19.4982,0.0,188.544,False,NONE,False,False,0.0
460,ACT-0000461,2026-08-03T11:22:00.502453,1,C,O1,M2,F4,418,G2,S3,S3-L102,24.907,52.627,22.0,23.42407,-0.02106,6.84335,22.5811,29.6431,27.0262,29.3295,44.1709,30.3227,20.9009,0.0,203.9745,True,TORQUE,True,False,46.0
461,ACT-0000462,2026-08-03T11:22:41.911545,1,A,O1,M1,F4,419,G1,S3,S3-L102,25.029,52.394,18.0,18.20751,-0.11401,6.63656,25.9984,32.4141,26.5392,29.0192,30.3456,34.5258,19.348,0.0,198.1904,False,NONE,False,False,0.0
462,ACT-0000463,2026-08-03T11:23:24.119837,1,C,O1,M1,F3,231,G1,S3,S3-L102,25.256,55.746,22.0,22.81443,0.11967,7.01721,23.6089,27.9226,27.7447,27.1877,43.6625,30.0782,23.2651,0.0,203.4696,False,NONE,False,False,0.0
463,ACT-0000464,2026-08-03T11:24:07.342630,1,A,O1,M2,F1,558,G1,S3,S3-L102,25.024,55.073,18.0,18.19961,0.0101,6.52015,24.6773,28.1314,25.5408,30.7981,30.3314,29.0151,19.7782,0.0,188.2723,False,NONE,False,False,0.0
464,ACT-0000465,2026-08-03T11:24:48.135693,1,A,O1,M2,F3,232,G2,S3,S3-L102,25.73,52.243,18.0,18.52577,0.02907,6.74237,24.1456,31.661,27.5154,28.9008,33.3354,30.0949,21.311,0.0,196.9639,False,NONE,False,False,0.0
465,ACT-0000466,2026-08-03T11:25:28.827291,1,A,O1,M2,F2,273,G2,S3,S3-L102,24.904,49.159,18.0,18.71812,0.02881,7.18906,23.3893,30.4793,27.3286,26.8495,33.3583,32.0654,20.5452,0.0,194.0156,False,NONE,False,False,0.0
466,ACT-0000467,2026-08-03T11:26:13.781690,1,A,O1,M1,F1,559,G1,S3,S3-L102,25.484,52.965,18.0,18.47838,-0.0189,6.89288,23.7549,30.1147,27.3542,27.1007,31.9685,31.2437,21.3021,0.0,192.8387,False,NONE,False,False,0.0
467,ACT-0000468,2026-08-03T11:26:56.363308,1,B,O1,M1,F4,420,G2,S3,S3-L102,25.584,52.389,20.0,19.82044,0.03257,7.14751,24.3079,31.6463,27.4721,30.6497,33.3165,30.1434,22.42,0.0,199.9559,False,NONE,False,False,0.0
468,ACT-0000469,2026-08-03T11:27:35.340602,1,B,O1,M2,F4,421,G2,S3,S3-L102,26.257,54.517,20.0,21.42968,0.04756,6.55588,22.2336,29.4217,28.4576,30.0531,34.2681,28.2122,20.1431,0.0,192.7894,True,TORQUE,True,False,46.0
469,ACT-0000470,2026-08-03T11:28:22.095245,1,A,O1,M1,F1,560,G1,S3,S3-L102,24.841,53.79,18.0,17.85818,0.12017,6.6764,25.0658,33.5315,28.3811,29.0908,31.915,30.0121,21.9134,0.0,199.9097,False,NONE,False,False,0.0
470,ACT-0000471,2026-08-03T11:28:58.382525,1,A,O1,M2,F1,561,G1,S3,S3-L102,24.819,51.655,18.0,18.91846,0.02419,6.68444,23.9347,29.3829,27.1198,30.482,32.1524,29.1387,18.6422,0.7774,190.8528,False,NONE,False,False,0.0
471,ACT-0000472,2026-08-03T11:29:42.605414,1,C,O1,M2,F4,422,G1,S3,S3-L102,24.083,53.05,22.0,23.151,0.02323,7.54625,23.1864,31.4887,29.8307,30.9101,39.1749,30.5478,20.7571,0.0,205.8957,False,NONE,False,False,0.0
472,ACT-0000473,2026-08-03T11:30:26.776728,1,B,O1,M1,F4,423,G2,S3,S3-L102,25.593,50.803,20.0,20.43549,-0.02913,7.0195,23.2542,27.9147,28.8942,30.983,31.5975,28.8098,20.6805,0.0,192.134,False,NONE,False,False,0.0
473,ACT-0000474,2026-08-03T11:31:06.792433,1,A,O1,M2,F2,274,G1,S3,S3-L102,24.719,51.526,18.0,18.75415,-0.01325,6.69898,26.4146,32.4094,28.2037,30.4857,32.0572,30.2662,20.6809,0.0,200.5177,False,NONE,False,False,0.0
474,ACT-0000475,2026-08-03T11:31:50.663770,1,B,O1,M1,F2,275,G2,S3,S3-L102,26.036,53.769,20.0,19.12406,0.07807,7.01319,23.5917,30.2684,25.6783,26.2168,37.6937,32.9033,19.3829,0.0,195.7351,False,NONE,False,False,0.0
475,ACT-0000476,2026-08-03T11:32:28.988428,1,A,O1,M1,F3,233,G1,S3,S3-L102,24.989,51.712,18.0,17.99443,0.09957,6.95331,24.203,31.6532,24.2445,30.606,33.3325,29.3283,19.716,0.0,193.0836,False,NONE,False,False,0.0
476,ACT-0000477,2026-08-03T11:33:11.254559,1,A,O2,M2,F4,424,G2,S3,S3-L102,24.715,47.4,18.0,19.65378,0.05721,6.7506,22.8834,30.2033,24.6896,26.6435,32.4582,29.6198,21.3372,0.0,187.835,True,TORQUE,True,False,46.0
477,ACT-0000478,2026-08-03T11:33:53.142136,1,A,O2,M1,F4,425,G1,S3,S3-L102,26.172,52.927,18.0,17.72026,-0.04678,6.99172,26.0115,32.045,25.8864,26.6738,33.2293,30.3655,22.1706,0.0,196.3822,False,NONE,False,False,0.0
478,ACT-0000479,2026-08-03T11:34:38.584705,1,A,O2,M1,F2,276,G2,S3,S3-L102,24.598,49.332,18.0,17.57974,0.1062,6.64801,25.1648,29.5853,27.0122,29.7459,34.2523,30.3023,18.9614,0.0,195.0242,False,NONE,False,False,0.0
479,ACT-0000480,2026-08-03T11:35:20.893694,1,A,O2,M1,F4,426,G1,S3,S3-L102,25.589,49.495,18.0,17.20673,0.01487,7.1069,24.9713,33.8895,26.5009,28.1843,31.8736,27.9273,20.0547,0.0,193.4015,False,NONE,False,False,0.0
480,ACT-0000481,2026-08-03T11:36:00.247054,1,B,O2,M2,F4,427,G2,S3,S3-L102,24.559,53.531,20.0,20.95359,0.05323,6.67744,24.0776,28.7916,24.5168,28.6565,34.576,33.5318,19.3662,0.0237,193.5164,False,NONE,False,False,0.0
481,ACT-0000482,2026-08-03T11:36:38.859975,1,A,O2,M2,F2,277,G1,S3,S3-L102,25.402,49.728,18.0,18.58581,0.07068,6.74253,23.4964,28.0743,26.5539,31.6622,31.3727,31.5608,22.4372,0.0,195.1575,False,NONE,False,False,0.0
482,ACT-0000483,2026-08-03T11:37:22.552616,1,A,O2,M1,F4,428,G2,S3,S3-L102,25.567,52.809,18.0,17.73257,0.08534,6.59669,24.3213,31.6466,29.7212,31.3033,28.7922,30.4116,23.0857,0.0,199.2819,False,NONE,False,False,0.0
483,ACT-0000484,2026-08-03T11:38:05.574336,1,B,O2,M1,F2,278,G1,S3,S3-L102,25.166,49.545,20.0,19.83765,0.15844,6.91047,22.807,31.5931,26.7536,28.7135,35.4603,30.6996,20.4132,0.0,196.4402,False,NONE,False,False,0.0
484,ACT-0000485,2026-08-03T11:38:48.333611,1,B,O2,M1,F2,279,G2,S3,S3-L102,24.419,51.637,20.0,20.71231,0.01654,6.25682,27.3083,31.656,27.3177,29.2357,35.1366,30.1307,21.2285,0.0,202.0134,False,NONE,False,False,0.0
485,ACT-0000486,2026-08-03T11:39:27.438053,1,C,O2,M2,F3,234,G2,S3,S3-L102,25.392,52.709,22.0,22.77297,0.00625,6.09466,24.6931,32.5544,25.6286,30.3423,42.0761,31.5622,21.8041,0.0,208.6609,False,NONE,False,False,0.0
486,ACT-0000487,2026-08-03T11:40:14.364967,1,A,O2,M2,F3,235,G2,S3,S3-L102,25.479,51.196,18.0,19.84983,0.00436,5.97877,22.6675,30.9995,29.1525,29.8595,33.6618,31.1947,21.7836,0.0,199.3192,True,TORQUE,True,False,46.0
487,ACT-0000488,2026-08-03T11:40:53.224839,1,A,O2,M1,F3,236,G2,S3,S3-L102,25.414,50.933,18.0,18.92826,0.03581,6.49913,21.6127,31.1249,25.124,28.1452,33.7742,27.4219,20.7493,1.4742,187.9523,False,NONE,False,False,0.0
488,ACT-0000489,2026-08-03T11:41:36.631450,1,A,O2,M2,F1,562,G1,S3,S3-L102,25.254,51.938,18.0,18.82449,0.10042,6.59944,23.951,33.7629,27.8724,29.7415,29.8009,31.5955,19.655,0.0,196.3792,False,NONE,False,False,0.0
489,ACT-0000490,2026-08-03T11:42:17.807738,1,A,O2,M1,F4,429,G2,S3,S3-L102,24.586,50.571,18.0,17.84873,-0.09572,6.81297,24.971,32.0946,26.4607,29.1899,32.1491,27.6436,22.0028,0.0,194.5117,False,NONE,False,False,0.0
490,ACT-0000491,2026-08-03T11:43:00.879779,1,A,O2,M1,F1,563,G1,S3,S3-L102,24.651,52.226,18.0,17.8662,0.03526,6.85733,25.0972,29.4707,25.9517,29.4583,32.5337,29.9974,22.4467,0.0,194.9557,False,NONE,False,False,0.0
491,ACT-0000492,2026-08-03T11:43:38.741163,1,A,O2,M2,F2,280,G2,S3,S3-L102,25.324,54.524,18.0,18.64926,-0.04319,7.08208,26.6737,32.2188,26.4285,26.8619,31.759,31.0938,23.0535,0.0,198.0892,False,NONE,False,False,0.0
492,ACT-0000493,2026-08-03T11:44:28.143978,1,A,O2,M1,F2,281,G2,S3,S3-L102,25.15,47.769,18.0,18.11839,0.04496,6.27308,24.5409,29.8407,25.9328,28.2902,32.6577,29.874,21.6944,0.0,192.8307,False,NONE,False,False,0.0
493,ACT-0000494,2026-08-03T11:45:04.441308,1,A,O3,M2,F4,430,G1,S3,S3-L102,25.394,53.149,18.0,18.55276,-0.08056,6.88396,22.8153,29.3501,29.388,28.7901,35.2024,30.0811,21.266,0.0,196.8929,False,NONE,False,False,0.0
494,ACT-0000495,2026-08-03T11:45:47.577470,1,C,O3,M2,F1,564,G2,S3,S3-L102,24.558,54.165,22.0,22.26852,-0.09698,6.83381,23.9177,27.1241,27.1756,29.2056,41.8068,26.1432,21.7525,0.0,197.1254,False,NONE,False,False,0.0
495,ACT-0000496,2026-08-03T11:46:30.776523,1,B,O3,M2,F4,431,G1,S3,S3-L102,24.932,49.907,20.0,20.39971,-0.03826,6.76962,24.9335,31.8223,28.4923,27.3381,35.8678,31.8443,20.719,0.0,201.0173,False,NONE,False,False,0.0
496,ACT-0000497,2026-08-03T11:47:12.783116,1,A,O3,M2,F3,237,G1,S3,S3-L102,25.009,49.699,18.0,19.00076,0.03303,6.73418,23.4649,29.9694,26.4653,28.1595,29.9333,29.925,20.3979,0.0,188.3153,False,NONE,False,False,0.0
497,ACT-0000498,2026-08-03T11:47:56.315561,1,A,O3,M2,F3,238,G1,S3,S3-L102,24.863,47.554,18.0,19.62656,-0.0467,6.45723,23.9327,30.2469,28.2717,29.7295,30.2129,27.8825,19.1644,0.0,189.4407,True,TORQUE,True,False,46.0
498,ACT-0000499,2026-08-03T11:48:34.370018,1,A,O3,M2,F4,432,G2,S3,S3-L102,26.201,52.643,18.0,19.4632,-0.02428,6.79952,24.2742,32.4346,26.4782,26.4348,32.6331,27.4509,22.0478,0.0,191.7538,True,TORQUE,True,False,46.0
499,ACT-0000500,2026-08-03T11:49:17.280827,1,B,O3,M1,F4,433,G1,S3,S3-L102,27.008,49.449,20.0,19.24261,-0.19498,6.29186,25.7061,28.8907,25.2961,27.5413,33.1814,29.8164,21.5118,0.0,191.9437,False,NONE,False,False,0.0
500,ACT-0000501,2026-08-03T11:50:02.462637,1,C,O3,M2,F4,434,G1,S3,S3-L102,24.477,51.936,22.0,22.92521,0.04503,6.33723,23.8962,29.6733,25.3375,27.4229,40.7881,27.1989,20.0872,0.0,194.4041,False,NONE,False,False,0.0
501,ACT-0000502,2026-08-03T11:50:43.753434,1,B,O3,M1,F4,435,G2,S3,S3-L102,25.846,51.517,20.0,20.24686,-0.05116,6.63748,24.0993,31.344,27.886,28.0764,35.361,27.5492,21.9625,0.0,196.2784,False,NONE,False,False,0.0
502,ACT-0000503,2026-08-03T11:51:23.458621,1,A,O3,M1,F4,436,G1,S3,S3-L102,24.767,52.033,18.0,18.77383,-0.01148,6.13986,24.9701,30.7969,26.2736,31.7265,29.5334,28.0823,20.1305,0.0,191.5133,False,NONE,False,False,0.0
503,ACT-0000504,2026-08-03T11:52:06.608145,1,B,O3,M2,F4,437,G2,S3,S3-L102,25.369,48.705,20.0,20.06497,-0.07376,6.71041,24.6717,29.1595,27.107,29.163,32.3784,28.6367,20.0277,0.0,191.144,False,NONE,False,False,0.0
504,ACT-0000505,2026-08-03T11:52:48.506058,1,A,O3,M1,F3,239,G1,S3,S3-L102,25.234,52.66,18.0,17.52031,-0.12807,6.28915,23.6543,31.9712,28.6936,31.291,31.4427,25.0574,21.3418,0.0,193.4521,False,NONE,False,False,0.0
505,ACT-0000506,2026-08-03T11:53:32.346714,1,B,O3,M2,F1,565,G2,S3,S3-L102,25.618,52.307,20.0,21.21202,-0.01659,7.06892,24.5927,30.863,27.6563,27.1996,34.194,31.0878,22.3617,0.0,197.9551,False,NONE,False,False,0.0
506,ACT-0000507,2026-08-03T11:54:16.077232,1,B,O3,M2,F4,438,G1,S3,S3-L102,25.681,49.747,20.0,21.42026,-0.00408,6.61519,23.3769,27.2613,29.27,31.2879,34.1056,30.0298,21.6091,0.0,196.9405,True,TORQUE,True,False,46.0
507,ACT-0000508,2026-08-03T11:54:55.224169,1,C,O3,M2,F2,282,G1,S3,S3-L102,24.96,50.758,22.0,22.36795,-0.00982,6.49885,25.2454,31.4086,25.7517,30.2751,37.036,30.3194,20.7836,0.0,200.8196,False,NONE,False,False,0.0
508,ACT-0000509,2026-08-03T11:55:35.832075,1,A,O3,M1,F4,439,G1,S3,S3-L102,25.356,50.691,18.0,18.26517,0.04481,6.49782,21.7214,32.7689,25.0685,29.5951,32.0144,28.945,20.7197,0.0,190.8328,False,NONE,False,False,0.0
509,ACT-0000510,2026-08-03T11:56:18.908485,1,A,O3,M1,F4,440,G2,S3,S3-L102,25.929,47.861,18.0,18.18604,0.02326,6.8115,24.2209,29.751,27.8748,28.2864,32.1033,32.5901,22.5459,0.0,197.3723,False,NONE,False,False,0.0
510,ACT-0000511,2026-08-03T11:57:00.051299,1,C,O1,M2,F3,240,G2,S3,S3-L102,24.968,52.414,22.0,22.62969,0.0462,6.66306,24.5157,29.1394,26.0753,29.6129,39.2735,31.8992,22.5537,0.0,203.0698,False,NONE,False,False,0.0
511,ACT-0000512,2026-08-03T11:57:39.768864,1,A,O1,M2,F3,241,G2,S3,S3-L102,24.578,52.642,18.0,19.2282,-0.01508,7.2215,24.4067,31.6241,29.9829,26.297,31.2509,33.3341,22.9385,0.0,199.8343,False,NONE,False,False,0.0
512,ACT-0000513,2026-08-03T11:58:23.192529,1,B,O1,M2,F1,566,G1,S3,S3-L102,25.248,51.03,20.0,20.61982,-0.04579,7.20416,26.5083,30.6982,25.1287,30.5484,34.6887,30.948,20.1624,0.0,198.6827,False,NONE,False,False,0.0
513,ACT-0000514,2026-08-03T11:59:07.470934,1,B,O1,M1,F2,283,G1,S3,S3-L102,25.961,47.89,20.0,19.86224,-0.06831,6.69725,22.6351,29.0855,29.4169,29.5594,35.7888,28.5168,19.2684,0.0,194.2709,False,NONE,False,False,0.0
514,ACT-0000515,2026-08-03T11:59:50.156946,1,C,O1,M2,F1,567,G2,S3,S3-L102,26.345,51.047,22.0,22.59999,-0.10412,7.11297,22.2109,28.4928,28.11,28.431,42.5184,33.5279,22.7866,0.0,206.0777,False,NONE,False,False,0.0
515,ACT-0000516,2026-08-03T12:00:28.274331,1,A,O1,M2,F2,284,G2,S3,S3-L102,25.206,46.26,18.0,18.83046,-0.00042,6.78773,23.3948,30.7645,27.6552,33.2794,30.8849,30.7209,19.9837,0.0,196.6833,False,NONE,False,False,0.0
516,ACT-0000517,2026-08-03T12:01:13.878326,1,B,O1,M1,F3,242,G1,S3,S3-L102,25.735,51.261,20.0,19.71248,0.02928,6.56676,23.7121,28.8267,27.2794,31.7075,34.9769,31.4253,20.6539,0.0,198.5819,False,NONE,False,False,0.0
517,ACT-0000518,2026-08-03T12:01:54.972983,1,A,O1,M1,F4,441,G2,S3,S3-L102,25.127,47.423,18.0,17.69764,0.00786,6.75178,21.3996,30.6946,27.6114,28.9701,34.3512,31.5682,19.6206,0.0,194.2157,False,NONE,False,False,0.0
518,ACT-0000519,2026-08-03T12:02:38.368152,1,A,O1,M1,F1,568,G1,S3,S3-L102,24.112,52.559,18.0,18.35064,0.02928,7.05174,22.725,30.498,26.5402,30.6326,30.8105,33.5838,20.3757,0.0,195.1658,False,NONE,False,False,0.0
519,ACT-0000520,2026-08-03T12:03:15.821780,1,B,O1,M1,F3,243,G1,S3,S3-L102,25.268,53.432,20.0,19.16914,0.03437,6.37173,22.9439,33.4748,30.4041,28.9124,36.7077,32.2442,20.0037,0.0,204.6907,False,NONE,False,False,0.0
520,ACT-0000521,2026-08-03T12:04:00.285817,1,A,O1,M1,F4,442,G1,S3,S3-L102,25.349,51.653,18.0,17.54978,-0.03511,6.72888,23.0031,32.7618,27.3137,31.2202,33.3831,29.4212,21.9998,0.0,199.1029,False,NONE,False,False,0.0
521,ACT-0000522,2026-08-03T12:04:38.365714,1,B,O1,M2,F3,244,G2,S3,S3-L102,26.136,49.401,20.0,20.80909,-0.01354,6.47654,23.7324,28.5708,26.7014,27.4514,36.8448,31.36,19.7468,3.146,194.4077,False,NONE,False,False,0.0
522,ACT-0000523,2026-08-03T12:05:27.198508,1,B,O1,M1,F4,443,G1,S3,S3-L102,25.309,51.854,20.0,20.12568,-0.00591,7.34582,24.0045,34.9836,28.8451,30.8869,37.8894,28.3371,21.5894,0.0,206.5359,False,NONE,False,False,0.0
523,ACT-0000524,2026-08-03T12:06:04.904334,1,A,O1,M2,F4,444,G2,S3,S3-L102,26.381,49.865,18.0,19.44163,-0.04984,6.60484,23.2897,29.9754,27.9926,30.3374,29.2374,30.9117,20.998,7.3086,192.7421,True,TORQUE,False,True,215.0
524,ACT-0000525,2026-08-03T12:06:49.012342,1,B,O1,M1,F2,285,G2,S3,S3-L102,26.088,47.637,20.0,20.13402,-0.02427,6.14557,21.8395,33.8186,27.98,28.9698,34.112,30.8328,20.1168,0.0,197.6696,False,NONE,False,False,0.0
525,ACT-0000526,2026-08-03T12:07:29.080040,1,C,O1,M2,F3,245,G1,S3,S3-L102,25.401,49.991,22.0,23.54956,0.01488,7.31143,23.5568,33.55,24.4221,31.2557,39.941,28.1347,21.0797,0.0,201.9399,True,TORQUE,False,True,215.0
526,ACT-0000527,2026-08-03T12:08:12.013374,1,A,O1,M1,F1,569,G1,S3,S3-L102,24.522,51.019,18.0,17.49331,-0.0135,7.10624,24.2282,26.3045,25.8374,29.7561,34.488,33.127,21.2302,3.666,194.9713,False,NONE,False,False,0.0
527,ACT-0000528,2026-08-03T12:08:55.009752,1,B,O2,M1,F3,246,G2,S3,S3-L102,25.135,47.689,20.0,20.21114,0.03304,6.71941,24.8081,33.2444,27.5614,28.3853,33.0031,27.9079,19.3326,0.0,194.2427,False,NONE,False,False,0.0
528,ACT-0000529,2026-08-03T12:09:37.609903,1,B,O2,M2,F1,570,G2,S3,S3-L102,25.36,47.42,20.0,20.65859,-0.03867,6.44042,21.118,28.5997,27.2746,26.203,35.4122,31.5653,22.6175,1.2068,192.7903,False,NONE,False,False,0.0
529,ACT-0000530,2026-08-03T12:10:19.569123,1,A,O2,M1,F2,286,G2,S3,S3-L102,26.35,51.229,18.0,18.26275,0.02807,6.89236,24.4879,32.2785,26.6233,27.8169,29.4806,30.1378,20.0368,0.0,190.8618,False,NONE,False,False,0.0
530,ACT-0000531,2026-08-03T12:11:02.330648,1,A,O2,M1,F2,287,G2,S3,S3-L102,25.942,52.323,18.0,17.74011,0.05785,6.58245,25.6392,30.5753,26.9493,27.7387,30.6837,29.9054,21.1779,0.0,192.6695,False,NONE,False,False,0.0
531,ACT-0000532,2026-08-03T12:11:43.524159,1,C,O2,M2,F2,288,G2,S3,S3-L102,25.096,49.141,22.0,23.21631,-0.08203,7.23597,24.0685,29.7498,28.8488,31.8499,43.1242,29.3592,22.2153,0.0,209.2157,False,NONE,False,False,0.0
532,ACT-0000533,2026-08-03T12:12:24.163763,1,C,O2,M2,F4,445,G2,S3,S3-L102,25.662,49.843,22.0,22.85812,-0.06942,7.1649,24.8701,30.4624,30.1151,27.546,41.9697,31.0899,20.816,4.008,206.8692,False,NONE,False,False,0.0
533,ACT-0000534,2026-08-03T12:13:08.605918,1,B,O2,M1,F2,289,G2,S3,S3-L102,26.64,46.695,20.0,19.80577,0.04722,7.23196,27.3906,29.873,26.0793,31.5314,35.7397,28.2667,21.0241,0.0,199.9047,False,NONE,False,False,0.0
534,ACT-0000535,2026-08-03T12:13:48.070799,1,A,O2,M2,F2,290,G2,S3,S3-L102,25.921,50.765,18.0,19.42801,-0.00709,6.68547,24.1722,28.4456,27.4128,27.8855,27.9764,28.4735,19.1008,3.2329,183.4668,True,TORQUE,True,False,46.0
535,ACT-0000536,2026-08-03T12:14:30.073559,1,A,O2,M2,F2,291,G2,S3,S3-L102,25.327,52.994,18.0,18.98845,-0.09367,6.45981,23.1999,30.3762,25.0296,27.282,30.8091,31.1018,21.7044,0.0,189.5031,False,NONE,False,False,0.0
536,ACT-0000537,2026-08-03T12:15:09.538996,1,B,O2,M1,F1,571,G1,S3,S3-L102,25.413,49.997,20.0,20.19271,0.00087,6.58141,23.3163,29.2595,26.7441,32.9629,35.9069,31.5025,20.4553,0.0,200.1476,False,NONE,False,False,0.0
537,ACT-0000538,2026-08-03T12:15:53.896780,1,C,O2,M1,F3,247,G2,S3,S3-L102,25.613,49.672,22.0,22.56571,-0.07735,6.41962,22.1513,32.6962,26.6247,30.1663,37.8272,28.3244,21.4086,0.0,199.1988,False,NONE,False,False,0.0
538,ACT-0000539,2026-08-03T12:16:33.929758,1,A,O2,M2,F4,446,G2,S3,S3-L102,25.854,50.749,18.0,19.72856,-0.08508,6.83446,23.0166,28.6561,26.8084,30.1836,30.5243,29.541,21.0723,0.768,189.8023,True,TORQUE,False,True,215.0
539,ACT-0000540,2026-08-03T12:17:17.378824,1,B,O2,M2,F3,248,G2,S3,S3-L102,25.64,49.034,20.0,21.43699,0.0573,6.30894,22.8333,29.2693,26.7469,29.3404,34.8872,28.7556,21.4447,0.0,193.2774,True,TORQUE,True,False,46.0
540,ACT-0000541,2026-08-03T12:18:00.449210,1,B,O2,M2,F4,447,G2,S1,S1-L103,26.429,49.342,20.0,21.5298,0.00108,7.00031,24.5898,33.8269,30.2473,26.8632,31.6929,26.592,23.1868,0.0,196.999,True,TORQUE,True,False,46.0
541,ACT-0000542,2026-08-03T12:18:44.986921,1,A,O2,M1,F1,572,G2,S1,S1-L103,25.205,49.266,18.0,19.04158,-0.10099,6.77419,22.1515,29.4132,25.7725,29.6661,29.155,32.053,21.4553,0.0,189.6666,False,NONE,False,False,0.0
542,ACT-0000543,2026-08-03T12:19:25.015451,1,A,O2,M2,F2,292,G1,S1,S1-L103,26.87,46.349,18.0,18.90887,-0.08588,6.5771,23.8091,33.292,28.2847,28.7894,32.0657,30.31,20.8106,0.0,197.3617,False,NONE,False,False,0.0
543,ACT-0000544,2026-08-03T12:20:06.647476,1,A,O2,M2,F4,448,G2,S1,S1-L103,25.015,49.207,18.0,19.25234,-0.02089,6.39009,24.0105,31.8166,28.2941,27.0777,33.6168,29.3982,20.7975,0.0,195.0114,False,NONE,False,False,0.0
544,ACT-0000545,2026-08-03T12:20:42.226791,1,A,O3,M2,F3,249,G2,S1,S1-L103,25.759,49.775,18.0,18.66662,-0.08069,6.76154,24.2064,28.1678,26.4819,31.5738,33.8585,29.8963,19.9049,0.0,194.0897,False,NONE,False,False,0.0
545,ACT-0000546,2026-08-03T12:21:29.543585,1,C,O3,M2,F4,449,G1,S1,S1-L103,26.344,49.605,22.0,23.07638,0.02554,6.73779,22.6262,29.7858,26.2393,28.5081,40.8592,33.139,19.0568,0.0,200.2145,False,NONE,False,False,0.0
546,ACT-0000547,2026-08-03T12:22:12.129045,1,B,O3,M2,F4,450,G2,S1,S1-L103,25.156,49.775,20.0,21.30069,-0.01372,6.57164,24.1566,28.5167,26.7253,28.337,33.086,29.1713,20.3491,0.0,190.342,False,NONE,False,False,0.0
547,ACT-0000548,2026-08-03T12:22:54.635724,1,A,O3,M1,F4,451,G2,S1,S1-L103,26.1,49.079,18.0,18.57741,-0.02032,6.76866,25.4308,29.3397,24.1938,27.9774,32.6713,29.2091,19.3988,0.0,188.221,False,NONE,False,False,0.0
548,ACT-0000549,2026-08-03T12:23:38.987575,1,A,O3,M2,F2,293,G1,S1,S1-L103,25.335,53.733,18.0,19.99757,0.01514,6.91078,23.7356,32.7774,28.2997,27.2475,35.7664,30.9919,22.083,0.0,200.9015,True,TORQUE,False,True,215.0
549,ACT-0000550,2026-08-03T12:24:18.512211,1,B,O3,M2,F4,452,G1,S1,S1-L103,25.658,50.652,20.0,21.29073,-0.11423,6.3807,21.7067,32.2048,29.5243,30.0693,36.5944,27.6627,22.1299,0.0,199.8921,False,NONE,False,False,0.0
550,ACT-0000551,2026-08-03T12:25:00.501118,1,C,O3,M2,F4,453,G1,S1,S1-L103,26.505,51.935,22.0,22.29817,0.02339,6.82978,24.7667,29.6715,27.1271,27.8176,43.235,27.4959,21.4708,0.0,201.5845,False,NONE,False,False,0.0
551,ACT-0000552,2026-08-03T12:25:42.052893,1,A,O3,M2,F3,250,G2,S1,S1-L103,24.738,47.113,18.0,19.2604,-0.04415,6.67071,23.1863,34.967,28.1469,30.8961,29.9577,30.2748,20.4696,0.0,197.8984,False,NONE,False,False,0.0
552,ACT-0000553,2026-08-03T12:26:27.169998,1,B,O3,M2,F4,454,G2,S1,S1-L103,25.65,50.964,20.0,20.59007,0.06163,6.76976,22.841,27.3793,27.4594,31.2576,34.4794,28.3386,20.291,0.0,192.0463,False,NONE,False,False,0.0
553,ACT-0000554,2026-08-03T12:27:04.072005,1,C,O3,M2,F4,455,G2,S1,S1-L103,25.595,54.325,22.0,23.09589,0.01812,6.6819,23.2715,29.7048,23.8271,29.8905,43.821,28.246,22.1428,0.0,200.9037,False,NONE,False,False,0.0
554,ACT-0000555,2026-08-03T12:27:45.117288,1,B,O3,M1,F4,456,G2,S1,S1-L103,25.395,47.737,20.0,20.32175,0.01328,6.96981,26.4396,27.753,28.803,29.7106,35.0206,31.269,20.8828,0.0,199.8786,False,NONE,False,False,0.0
555,ACT-0000556,2026-08-03T12:28:26.947048,1,B,O3,M2,F4,457,G1,S1,S1-L103,26.414,50.124,20.0,21.57782,-0.0089,6.82644,23.9339,31.3177,28.9518,27.4453,33.8533,27.1997,20.5368,0.0,193.2385,True,TORQUE,True,False,46.0
556,ACT-0000557,2026-08-03T12:29:11.118494,1,A,O3,M1,F4,458,G1,S1,S1-L103,25.419,48.066,18.0,17.19965,-0.02818,6.97766,25.7756,31.1922,26.0369,29.7559,29.5104,29.95,21.0099,0.0,193.2308,False,NONE,False,False,0.0
557,ACT-0000558,2026-08-03T12:29:54.077709,1,A,O3,M2,F4,459,G2,S1,S1-L103,24.949,50.989,18.0,19.56463,-0.02171,6.70671,27.1536,30.4132,25.7017,29.109,34.1371,29.7015,21.2208,0.0,197.437,True,TORQUE,True,False,46.0
558,ACT-0000559,2026-08-03T12:30:36.629505,1,A,O3,M2,F4,460,G1,S1,S1-L103,25.792,50.249,18.0,19.43193,0.01048,6.65761,23.6012,30.2892,25.8415,29.572,33.8017,30.4566,21.5971,0.0,195.1592,True,TORQUE,True,False,46.0
559,ACT-0000560,2026-08-03T12:31:16.896229,1,A,O3,M2,F4,461,G1,S1,S1-L103,26.295,51.382,18.0,19.55724,-0.04493,6.70736,22.6795,31.5577,25.7895,30.0277,32.1499,28.3261,22.0582,0.0,192.5885,True,TORQUE,True,False,46.0
560,ACT-0000561,2026-08-03T12:31:59.634691,1,C,O3,M1,F1,573,G1,S1,S1-L103,25.489,47.981,22.0,22.00925,-0.02127,6.31236,24.5379,28.7404,25.8949,29.4691,41.2669,30.4398,20.5328,0.0,200.8818,False,NONE,False,False,0.0
561,ACT-0000562,2026-08-03T12:32:37.303775,1,B,O1,M2,F1,574,G2,S1,S1-L103,25.718,55.151,20.0,20.93417,-0.02194,6.88999,25.4571,31.4898,26.6037,31.5635,34.5127,31.5116,18.9009,0.0,200.0392,False,NONE,False,False,0.0
562,ACT-0000563,2026-08-03T12:33:21.792020,1,B,O1,M1,F4,462,G2,S1,S1-L103,25.337,46.186,20.0,19.94656,-0.03976,7.03634,23.5094,31.6012,24.7182,27.7774,38.7875,31.4835,20.2953,0.0,198.1724,False,NONE,False,False,0.0
563,ACT-0000564,2026-08-03T12:34:06.954917,1,A,O1,M2,F4,463,G2,S1,S1-L103,25.494,50.881,18.0,19.13081,0.13488,7.10053,24.8147,28.1373,27.2571,28.51,33.8528,29.8962,17.5109,0.0,189.979,False,NONE,False,False,0.0
564,ACT-0000565,2026-08-03T12:34:45.353210,1,C,O1,M2,F3,251,G2,S1,S1-L103,25.036,47.886,22.0,22.31154,-0.0137,7.20968,23.5348,33.0679,26.0463,31.6606,39.8225,30.1881,19.7806,0.0,204.1008,False,NONE,False,False,0.0
565,ACT-0000566,2026-08-03T12:35:29.631881,1,C,O1,M2,F2,294,G1,S1,S1-L103,26.33,50.23,22.0,22.0549,0.08302,6.73249,23.4983,33.294,26.8502,29.1332,39.3979,30.8466,21.9424,0.0,204.9626,False,NONE,False,False,0.0
566,ACT-0000567,2026-08-03T12:36:09.911773,1,B,O1,M1,F4,464,G2,S1,S1-L103,26.424,47.142,20.0,19.97412,-0.01533,6.88927,24.352,30.8347,27.9578,30.0592,38.8506,31.4067,22.5242,0.0,205.9852,False,NONE,False,False,0.0
567,ACT-0000568,2026-08-03T12:36:52.726774,1,A,O1,M2,F2,295,G2,S1,S1-L103,25.878,53.549,18.0,19.19604,0.03249,7.52396,24.4222,31.7101,26.1942,30.6325,32.6278,30.8985,22.8807,0.0,199.3659,False,NONE,False,False,0.0
568,ACT-0000569,2026-08-03T12:37:35.129400,1,C,O1,M2,F1,575,G1,S1,S1-L103,25.599,50.738,22.0,22.68733,0.07827,6.31578,23.3547,32.0094,28.2512,30.1404,44.3244,30.1356,19.1529,0.0,207.3685,False,NONE,False,False,0.0
569,ACT-0000570,2026-08-03T12:38:20.314400,1,A,O1,M1,F3,252,G2,S1,S1-L103,26.51,48.053,18.0,18.40091,0.01395,6.42525,26.0813,30.3855,27.3616,28.7078,32.6893,29.1561,22.3943,0.3589,196.7759,False,NONE,False,False,0.0
570,ACT-0000571,2026-08-03T12:39:00.140842,1,A,O1,M1,F4,465,G1,S1,S1-L103,25.451,48.212,18.0,17.44035,-0.01283,6.37638,23.2488,30.8861,27.805,26.7926,29.109,32.8157,21.0649,0.0,191.722,False,NONE,False,False,0.0
571,ACT-0000572,2026-08-03T12:39:41.519493,1,A,O1,M2,F4,466,G2,S1,S1-L103,25.671,48.628,18.0,19.32194,0.02827,6.09266,23.4505,30.8213,26.1077,30.1943,33.0461,30.2939,22.1876,0.0,196.1015,False,NONE,False,False,0.0
572,ACT-0000573,2026-08-03T12:40:28.814449,1,A,O1,M2,F4,467,G1,S1,S1-L103,26.357,51.198,18.0,19.64154,-0.09258,6.89456,25.8899,30.3224,28.4225,30.0581,33.2187,28.1254,21.977,0.0,198.014,True,TORQUE,True,False,46.0
573,ACT-0000574,2026-08-03T12:41:07.709534,1,A,O1,M1,F1,576,G2,S1,S1-L103,25.623,51.608,18.0,18.17471,-0.00487,6.61841,22.6598,29.8894,28.1662,28.9026,33.3819,29.1319,20.5431,0.0,192.6749,False,NONE,False,False,0.0
574,ACT-0000575,2026-08-03T12:41:48.793384,1,B,O1,M2,F1,577,G1,S1,S1-L103,26.201,43.508,20.0,21.16349,0.08364,6.55114,24.3141,32.3119,29.7707,30.5997,34.6089,31.8111,20.9418,0.0,204.3581,False,NONE,False,False,0.0
575,ACT-0000576,2026-08-03T12:42:29.826947,1,B,O1,M2,F3,253,G1,S1,S1-L103,26.376,48.721,20.0,20.3887,0.0932,6.79235,25.1612,31.6281,24.5944,25.7835,36.0577,30.8439,20.4593,3.4044,194.5282,False,NONE,False,False,0.0
576,ACT-0000577,2026-08-03T12:43:12.256566,1,B,O1,M1,F3,254,G2,S1,S1-L103,25.584,50.817,20.0,19.83208,-0.01026,7.05359,24.8691,30.9897,27.5637,28.0462,38.3959,30.2813,20.0487,0.0,200.1947,False,NONE,False,False,0.0
577,ACT-0000578,2026-08-03T12:43:56.153100,1,A,O1,M2,F1,578,G1,S1,S1-L103,25.143,42.354,18.0,19.36599,0.00705,6.74187,23.1159,26.8908,26.0614,28.0478,32.593,34.1482,21.9216,1.8522,192.7786,True,TORQUE,True,False,46.0
578,ACT-0000579,2026-08-03T12:44:34.130496,1,A,O2,M2,F4,468,G2,S1,S1-L103,26.227,51.847,18.0,19.35733,0.12524,6.70005,24.4462,30.8492,26.3003,29.4744,33.4356,27.4793,21.9939,0.0,193.979,True,TORQUE,True,False,46.0
579,ACT-0000580,2026-08-03T12:45:13.400956,1,B,O2,M2,F4,469,G1,S1,S1-L103,25.809,50.579,20.0,22.21316,-0.00264,6.81451,23.2085,31.8564,27.93,27.9382,37.6415,28.0057,20.8181,0.0,197.3984,True,TORQUE,True,False,46.0
580,ACT-0000581,2026-08-03T12:45:58.815545,1,A,O2,M2,F1,579,G1,S1,S1-L103,25.578,53.715,18.0,19.92295,0.04113,6.77593,25.1232,32.2444,24.3869,27.3406,30.7715,27.2614,21.0438,0.0,188.1717,True,TORQUE,True,False,46.0
581,ACT-0000582,2026-08-03T12:46:40.575356,1,C,O2,M2,F3,255,G2,S1,S1-L103,26.547,44.265,22.0,23.37446,-0.08715,6.81506,25.5717,28.161,28.3665,29.6606,39.894,32.4049,22.2415,0.0,206.3002,True,TORQUE,True,False,46.0
582,ACT-0000583,2026-08-03T12:47:21.326641,1,B,O2,M2,F1,580,G2,S1,S1-L103,25.842,45.462,20.0,21.43427,-0.07793,6.53186,26.8493,33.4982,27.1398,31.0959,34.2773,27.8277,21.7332,0.0,202.4214,True,TORQUE,True,False,46.0
583,ACT-0000584,2026-08-03T12:48:03.080540,1,B,O2,M2,F4,470,G1,S1,S1-L103,26.761,47.257,20.0,20.59779,-0.07133,6.66291,23.7994,33.6947,25.7226,28.5928,30.9489,29.9327,23.1328,0.0,195.8238,False,NONE,False,False,0.0
584,ACT-0000585,2026-08-03T12:48:44.996172,1,A,O2,M1,F4,471,G2,S1,S1-L103,27.059,42.644,18.0,17.95764,0.0761,7.22615,23.6595,29.7153,27.7988,30.2309,28.6035,30.9235,20.1842,0.0,191.1157,False,NONE,False,False,0.0
585,ACT-0000586,2026-08-03T12:49:27.557276,1,C,O2,M2,F2,296,G2,S1,S1-L103,25.23,51.114,22.0,22.88998,0.0447,6.50162,23.6756,29.4722,28.0865,25.8151,40.182,25.8265,20.7521,0.0,193.81,False,NONE,False,False,0.0
586,ACT-0000587,2026-08-03T12:50:12.872556,1,B,O2,M1,F3,256,G2,S1,S1-L103,25.676,47.972,20.0,20.19612,0.08223,6.99376,23.338,32.3444,27.9822,30.1672,36.9274,27.772,22.4752,0.0,201.0064,False,NONE,False,False,0.0
587,ACT-0000588,2026-08-03T12:50:51.492073,1,B,O2,M2,F1,581,G1,S1,S1-L103,25.693,48.684,20.0,21.33218,-0.12679,6.59838,24.9441,30.2882,26.1701,30.1884,35.1223,32.2518,21.2069,0.5489,200.1719,False,NONE,False,False,0.0
588,ACT-0000589,2026-08-03T12:51:37.086061,1,B,O2,M2,F2,297,G1,S1,S1-L103,25.362,49.972,20.0,20.68755,-0.07616,5.88411,24.3401,29.7408,24.8149,31.492,36.7019,29.4404,19.1871,0.0,195.7173,False,NONE,False,False,0.0
589,ACT-0000590,2026-08-03T12:52:21.939959,1,A,O2,M1,F2,298,G1,S1,S1-L103,26.807,48.003,18.0,18.1952,-0.08864,6.44472,23.6155,28.5971,22.9397,27.4586,29.5503,30.4666,22.5153,0.0,185.1431,False,NONE,False,False,0.0
590,ACT-0000591,2026-08-03T12:53:00.911316,1,A,O2,M1,F4,472,G1,S1,S1-L103,26.449,48.692,18.0,17.26304,-0.05683,6.33009,25.0185,30.6154,26.96,32.3971,34.5524,30.3839,19.2187,0.0,199.146,False,NONE,False,False,0.0
591,ACT-0000592,2026-08-03T12:53:43.431820,1,A,O2,M1,F4,473,G2,S1,S1-L103,25.547,51.235,18.0,18.05594,-0.03983,6.98392,25.7416,30.7184,29.5694,25.7784,35.0411,30.9034,19.2996,0.0,197.052,False,NONE,False,False,0.0
592,ACT-0000593,2026-08-03T12:54:22.197040,1,A,O2,M2,F1,582,G1,S1,S1-L103,25.818,46.825,18.0,18.7185,-0.09556,6.88895,24.3891,33.1011,26.356,30.4989,31.4016,27.8699,21.9784,0.0,195.595,False,NONE,False,False,0.0
593,ACT-0000594,2026-08-03T12:55:07.182326,1,A,O2,M1,F3,257,G2,S1,S1-L103,26.254,50.005,18.0,18.18822,0.00485,6.99068,23.1079,31.0237,25.191,31.1595,32.3351,30.5725,20.9545,0.0,194.3442,False,NONE,False,False,0.0
594,ACT-0000595,2026-08-03T12:55:47.150899,1,C,O2,M2,F1,583,G2,S1,S1-L103,26.111,47.026,22.0,22.92664,0.0838,6.42767,20.4871,29.9793,28.8464,30.3839,41.31,31.3194,21.5518,0.0,203.878,False,NONE,False,False,0.0
595,ACT-0000596,2026-08-03T12:56:31.932766,1,C,O3,M2,F2,299,G1,S1,S1-L103,24.95,44.99,22.0,23.01041,0.07525,7.11636,22.3908,31.3877,27.591,29.3239,41.3062,28.8659,20.316,0.0,201.1815,False,NONE,False,False,0.0
596,ACT-0000597,2026-08-03T12:57:09.186405,1,C,O3,M1,F1,584,G2,S1,S1-L103,26.108,48.234,22.0,22.50565,0.02697,6.85287,25.3505,27.7404,27.351,27.5626,36.6079,27.3092,19.7857,6.7415,191.7073,False,NONE,False,False,0.0
597,ACT-0000598,2026-08-03T12:57:56.453534,1,C,O3,M1,F4,474,G2,S1,S1-L103,26.319,47.245,22.0,22.19064,0.06574,7.37653,24.1435,32.735,28.1618,27.9479,38.696,32.8286,20.904,0.0,205.4169,False,NONE,False,False,0.0
598,ACT-0000599,2026-08-03T12:58:36.404656,1,B,O3,M1,F4,475,G2,S1,S1-L103,25.045,50.733,20.0,19.76686,-0.05519,6.84977,24.602,29.8098,27.9151,26.1114,34.0803,29.2926,19.872,3.2949,191.6832,False,NONE,False,False,0.0
599,ACT-0000600,2026-08-03T12:59:14.114947,1,B,O3,M1,F1,585,G1,S1,S1-L103,25.837,46.881,20.0,20.04366,-0.01064,6.7814,23.2137,32.6043,27.4082,29.6427,34.3878,29.1013,23.4223,0.0,199.7803,False,NONE,False,False,0.0
